,주소,y,x
0,경기 용인시 처인구 낙은로 11,37.2385704552006,127.197317788422
1,경기 용인시 처인구 양지면 은이로 85,37.2237979176946,127.278730828863
2,경기 용인시 처인구 경안천로 196-1,37.2491879717277,127.221192942292
3,경기 용인시 기흥구 중부대로 184,37.2691613298833,127.090689370086
4,경기 용인시 수지구 성복1로 62,37.3152131053821,127.072942564189
5,경기 용인시 기흥구 신정로 25,37.2730954778418,127.101431429455
6,경기 용인시 수지구 성복2로 10,37.3112648289337,127.083106430916
7,경기 용인시 수지구 풍덕천로171번길 9,37.3268290106252,127.099244427714
8,경기 용인시 기흥구 덕영대로2077번길 33,37.2664821050674,127.095698664994
9,경기 용인시 기흥구 사은로84번길 10,37.2540844951938,127.113437206674
10,경기 용인시 수지구 고기로45번길 40-18,37.341437124213,127.094892462148
11,경기 용인시 처인구 금령로12번길 12,37.2339512861635,127.198212347459
12,경기 용인시 처인구 포곡읍 포곡로61번길 17,37.270823929875,127.212646166538
13,경기 용인시 처인구 포곡읍 포곡로 90,37.2674506609158,127.215710104946
14,경기 용인시 처인구 포곡읍 포곡로 98-1,37.2671835381001,127.218051635498
15,경기 용인시 처인구 모현읍 백옥대로2332번길 21-8,37.3324937606486,127.250215216931
16,경기 용인시 처인구 지삼로590번길 9,37.2404522884646,127.167354380587
17,경기 용인시 처인구 포곡읍 포곡로 159,37.2739215707702,127.220790267532
18,경기 용인시 처인구 지삼로590번길 24,37.2385011475596,127.164732663858
19,경기 용인시 처인구 지삼로590번길 29,37.23981823994,127.169118531027
20,경기 용인시 처인구 중부대로1388번길 6-4,37.2331357792242,127.197871580251
21,경기 용인시 처인구 중부대로1388번길 6-14,37.2336070084302,127.196040016323
22,경기 용인시 처인구 중부대로1388번길 12,37.2326153723789,127.197687551642
23,경기 용인시 처인구 중부대로1158번길 12,37.2376115088833,127.170550930152
24,경기 용인시 처인구 이동읍 백옥대로587번길 7,37.1893503511482,127.204895419447
25,경기 용인시 처인구 모현읍 외대로54번길 12,37.3343467144271,127.254026796604
26,경기 용인시 처인구 이동읍 백옥대로621번길 11,37.1921141579213,127.204993440662
27,경기 용인시 처인구 이동읍 경기동로705번길 28,37.1391735837303,127.201179688583
28,경기 용인시 처인구 금학로1번길 9,37.2452786266036,127.167046540248
29,경기 용인시 처인구 경안천로256번길 47-14,37.2526122273862,127.227551825988
30,경기 용인시 처인구 경안천로256번길 47-16,37.2534781668999,127.226827499995
31,경기 용인시 처인구 남사읍 한숲로 83,37.1581701311615,127.170126776434
32,경기 용인시 처인구 남사읍 한숲로 84,37.1561090694356,127.173656345397
33,경기 용인시 처인구 남사읍 한숲로 123,37.1601463360453,127.172057132033
34,경기 용인시 처인구 남사읍 한숲로 124,37.1591118282048,127.175501302175
35,경기 용인시 처인구 남사읍 한숲로 137,37.161355406237,127.173948565082
36,경기 용인시 처인구 한터로152번길 45,37.2466295058458,127.230800386786
37,경기 용인시 처인구 한터로152번길 62,37.2445675069567,127.23220969308
38,경기 용인시 처인구 한터로275번길 40,37.2578531115269,127.237250220806
39,경기 용인시 처인구 영문로29번길 17,37.2669935846693,127.207068856228
40,경기 용인시 처인구 모현읍 문현로 326,37.3366524310217,127.243929947043
41,경기 용인시 처인구 금령로173번길 5,37.2351635559951,127.215343222091
42,경기 용인시 처인구 금령로173번길 14,37.2354292806482,127.216919538729
43,경기 용인시 처인구 명지로16번길 25,37.2332338175126,127.185165049744
44,경기 용인시 처인구 명지로16번길 26,37.2356068835221,127.185291322676
45,경기 용인시 처인구 이동읍 이원로 22,37.1893860997942,127.209494314665
46,경기 용인시 처인구 포곡읍 백옥대로1898번길 34,37.2945130429444,127.238272172635
47,경기 용인시 처인구 금령로106번길 14-8,37.2345837683508,127.207243318428
48,경기 용인시 처인구 금령로13번길 13,37.2366019643714,127.197790934347
49,경기 용인시 처인구 백옥대로1068번길 12,37.2292990888889,127.211752887497
50,경기 용인시 처인구 한터로152번길 15,37.2471012084189,127.229916936429
51,경기 용인시 처인구 명지로40번길 35-16,37.2306890205109,127.182243414418
52,경기 용인시 처인구 명지로40번길 35-29,37.2308219194505,127.184400660885
53,경기 용인시 기흥구 동백죽전대로 507,37.2830246609485,127.150608535392
54,경기 용인시 기흥구 중부대로 376,37.2714574421973,127.108875146108
55,경기 용인시 수지구 만현로67번길 20,37.3082964964469,127.088522841076
56,경기 용인시 기흥구 기흥로 29,37.2791830690322,127.114302620407
57,경기 용인시 수지구 포은대로313번길 7-10,37.3166948096886,127.083890038258
58,경기 용인시 기흥구 기흥역로58번길 10,37.2739931969359,127.119029735417
59,경기 용인시 기흥구 기흥역로58번길 56,37.2718101606869,127.120450974178
60,경기 용인시 기흥구 기흥역로58번길 78,37.2734741309411,127.118016537449
61,경기 용인시 수지구 정평로 73,37.3225443124245,127.089196068087
62,경기 용인시 수지구 정평로 89,37.3234189743597,127.089396011329
63,경기 용인시 수지구 정평로 116,37.3236363477992,127.093535019528
64,경기 용인시 수지구 용구대로 2720,37.3289448201755,127.109356906504
65,경기 용인시 수지구 용구대로 2742,37.3299184981879,127.110109228916
66,경기 용인시 기흥구 용구대로2394번길 27,37.300391782518,127.113463292513
67,경기 용인시 수지구 상현로11번길 26,37.3042019528875,127.07811049245
68,경기 용인시 수지구 상현로42번길 40,37.3027374662266,127.082410810687
69,경기 용인시 수지구 상현로42번길 46,37.3043997658393,127.081922638701
70,경기 용인시 기흥구 용구대로2469번길 20,37.3084578364206,127.106199114923
71,경기 용인시 수지구 포은대로 231,37.3092751497397,127.080916308005
72,경기 용인시 수지구 포은대로 298,37.3134183637284,127.086908225259
73,경기 용인시 수지구 탄천상로 6,37.3323916559125,127.112212186294
74,경기 용인시 수지구 탄천상로 29,37.3342417333537,127.110980687671
75,경기 용인시 수지구 탄천상로 30,37.3343901562391,127.112388031093
76,경기 용인시 수지구 고기로 3,37.3423585091681,127.10120807185
77,경기 용인시 수지구 고기로 11,37.3425455170361,127.099990525707
78,경기 용인시 수지구 고기로 89,37.3447488936611,127.091532269053
79,경기 용인시 수지구 진산로 24,37.3141394988568,127.092792577773
80,경기 용인시 수지구 태봉로 17,37.3346648490018,127.057444452313
81,경기 용인시 수지구 풍덕천로 19,37.3193195915051,127.085303522814
82,경기 용인시 수지구 풍덕천로 33,37.3189183191966,127.086478742702
83,경기 용인시 수지구 풍덕천로 52,37.3175763161289,127.090813615263
84,경기 용인시 수지구 풍덕천로 75,37.3205039309399,127.09049097484
85,경기 용인시 수지구 풍덕천로 76,37.3199747278095,127.09087798744
86,경기 용인시 기흥구 동백1로 9,37.2647476191309,127.15759236242
87,경기 용인시 기흥구 동백1로 12,37.2633050050851,127.158908351542
88,경기 용인시 수지구 풍덕천로 91,37.3210632746953,127.091568069816
89,경기 용인시 기흥구 신갈로138번길 12,37.2786181570696,127.107329969039
90,경기 용인시 수지구 정평로13번길 20,37.3172407435084,127.087013031429
91,경기 용인시 기흥구 죽현로 12,37.3193086078075,127.111225429388
92,경기 용인시 기흥구 동백2로 11,37.2689745618693,127.155014055896
93,경기 용인시 기흥구 동백2로 12,37.2662456777001,127.156651069468
94,경기 용인시 기흥구 동백2로 37,37.2697295041552,127.15709471939
95,경기 용인시 기흥구 한보라1로43번길 22,37.2491293427057,127.110722511198
96,경기 용인시 기흥구 한보라1로43번길 23,37.2502657928233,127.110761595554
97,경기 용인시 기흥구 한보라1로64번길 22,37.2523193909809,127.106806385425
98,경기 용인시 기흥구 용구대로 2242,37.2866334673516,127.108090705262
99,경기 용인시 기흥구 연원로 60,37.3027099080142,127.112107839272
100,경기 용인시 기흥구 연원로 49,37.3032620270871,127.110613570424
101,경기 용인시 기흥구 예현로 15,37.2444058449991,127.073035775145
102,경기 용인시 수지구 정평로 41,37.3197733757524,127.085893402078
103,경기 용인시 수지구 정평로 61,37.3218783140646,127.086341106584
104,경기 용인시 기흥구 죽전로 20,37.3199965224732,127.110385262396
105,경기 용인시 기흥구 고매로34번길 10,37.2299223038764,127.112152113636
106,경기 용인시 기흥구 고매로34번길 31,37.228669875383,127.115036410943
107,경기 용인시 수지구 풍덕천로 161,37.3262889185527,127.098505591896
108,경기 용인시 수지구 포은대로 467,37.3236036964448,127.100817588259
109,경기 용인시 수지구 포은대로 477,37.3240902915367,127.101826107888
110,경기 용인시 수지구 포은대로 219,37.3079232977462,127.080031399666
111,경기 용인시 기흥구 용구대로2518번길 15,37.3129971148668,127.109314850062
112,경기 용인시 기흥구 고매로43번길 32-2,37.232501816743,127.11754493797
113,경기 용인시 수지구 수지로342번길 18,37.326643947419,127.09359437228
114,경기 용인시 수지구 수지로78번길 20,37.3099961684187,127.079168951147
115,경기 용인시 기흥구 중부대로 820,37.2560378542011,127.142764338538
116,경기 용인시 기흥구 동백죽전대로 455-10,37.2797770784079,127.151431633723
117,경기 용인시 기흥구 동백죽전대로 455-17,37.279797933497,127.148411081312
118,경기 용인시 기흥구 보정로 26,37.3134429658859,127.110651385835
119,경기 용인시 기흥구 보정로 30,37.31037251816,127.112270035886
120,경기 용인시 수지구 신봉1로48번길 29,37.3242608508507,127.080819660427
121,경기 용인시 수지구 신봉1로48번길 32,37.3234819167496,127.081855570927
122,경기 용인시 수지구 신봉1로48번길 45,37.3243410133616,127.083073893376
123,경기 용인시 수지구 신봉1로71번길 25,37.3209209251706,127.077827688844
124,경기 용인시 기흥구 사은로126번길 10,37.2516865812303,127.117560419708
125,경기 용인시 수지구 성복2로 220,37.3206362895327,127.062646296865
126,경기 용인시 수지구 성복2로 251,37.3188611757842,127.061245659132
127,경기 용인시 기흥구 구성로 90,37.293235775676,127.119390375907
128,경기 용인시 수지구 대지로 49,37.3298362838424,127.114051642154
129,경기 용인시 수지구 푸른솔로 20,37.3221032474705,127.116015814547
130,경기 용인시 수지구 푸른솔로 49,37.3247649963642,127.1150844626
131,경기 용인시 수지구 푸른솔로 55,37.3257852846387,127.116781371385
132,경기 용인시 수지구 푸른솔로 56,37.3247644499038,127.116013136068
133,경기 용인시 수지구 푸른솔로 76,37.3252293328574,127.118877403
134,경기 용인시 수지구 푸른솔로 88,37.3259169677641,127.119892359954
135,경기 용인시 기흥구 덕영대로 1871,37.2536308000942,127.089485497263
136,경기 용인시 기흥구 보정로 87,37.3174411419798,127.113298031222
137,경기 용인시 기흥구 보정로 88,37.3175653531454,127.116037269166
138,경기 용인시 기흥구 사은로 64,37.2550925152079,127.112563315604
139,경기 용인시 기흥구 한보라2로 93,37.2484467878653,127.111792281652
140,경기 용인시 기흥구 한보라2로 141,37.2457079413222,127.110289325998
141,경기 용인시 기흥구 한보라2로 167,37.2423725664651,127.10791769234
142,경기 용인시 기흥구 한보라2로 168,37.2441459576275,127.108657093653
143,경기 용인시 수지구 만현로 79,37.3092963306289,127.087125703137
144,경기 용인시 수지구 만현로 99,37.3068568752278,127.088452119999
145,경기 용인시 수지구 만현로 107,37.3054138643226,127.089890628688
146,경기 용인시 수지구 만현로 127,37.3045669037746,127.087711863009
147,경기 용인시 수지구 문인로 59,37.3316072715362,127.096963739196
148,경기 용인시 기흥구 사은로126번길 33,37.25216946929,127.121293829145
149,경기 용인시 기흥구 사은로126번길 46,37.2527177393252,127.119536406044
150,경기 용인시 기흥구 기흥역로 9,37.2748218442608,127.115337289593
151,경기 용인시 기흥구 기흥역로 16,37.2736113791937,127.114974755575
152,경기 용인시 기흥구 기흥역로 63,37.2748427696292,127.118778508807
153,경기 용인시 수지구 대지로15번길 60,37.3330204023368,127.11474161271
154,경기 용인시 기흥구 새천년로16번길 16,37.2892514676663,127.109815597556
155,경기 용인시 기흥구 서천동로21번길 5,37.2391393204793,127.076329046868
156,경기 용인시 수지구 현암로 3,37.3325339272573,127.110200608355
157,경기 용인시 수지구 광교마을로 2,37.2985835294125,127.067432179743
158,경기 용인시 수지구 광교마을로 11,37.298078336053,127.063489837285
159,경기 용인시 수지구 대지로 64,37.32828727849,127.116224131621
160,경기 용인시 수지구 대지로 77,37.3300300919113,127.117644579167
161,경기 용인시 수지구 풍덕천로22번길 67,37.3141215879111,127.082291135141
162,경기 용인시 수지구 풍덕천로30번길 20,37.316426291098,127.087268518805
163,경기 용인시 수지구 상현로 2,37.3017233813448,127.073033189992
164,경기 용인시 수지구 상현로 27,37.3034007906717,127.076533924181
165,경기 용인시 수지구 상현로 30-6,37.3018801976153,127.077234515132
166,경기 용인시 수지구 상현로 30-9,37.3015146416015,127.07874712941
167,경기 용인시 수지구 상현로 30-10,37.3005381667832,127.077000005339
168,경기 용인시 수지구 상현로 58,37.3027759618892,127.080547389653
169,경기 용인시 수지구 상현로 59,37.3054508703928,127.079072481359
170,경기 용인시 수지구 상현로 67-12,37.3055751000214,127.080576318648
171,경기 용인시 수지구 상현로 88,37.3032525044105,127.083431033245
172,경기 용인시 수지구 상현로 100,37.3045167299046,127.084472410819
173,경기 용인시 수지구 상현로 101,37.307620805959,127.083316064975
174,경기 용인시 수지구 상현로 119-6,37.3095322121113,127.083896631359
175,경기 용인시 수지구 동천로63번길 10,37.3384624431927,127.097356569169
176,경기 용인시 수지구 동천로135번길 21,37.3340292884234,127.087424512062
177,경기 용인시 기흥구 관곡로 16,37.2811569983481,127.106551123415
178,경기 용인시 수지구 대지로 127,37.3306508998433,127.122530071092
179,경기 용인시 수지구 대지로 139,37.3308207243492,127.12572686296
180,경기 용인시 수지구 동천로 18,37.3416386427247,127.099976006846
181,경기 용인시 수지구 동천로 53,37.3400462851402,127.096904395154
182,경기 용인시 수지구 동천로 64,37.34097274539,127.098298727226
183,경기 용인시 수지구 동천로 93,37.3384365703794,127.093917526737
184,경기 용인시 기흥구 마북로247번길 3,37.3092277880156,127.130507821299
185,경기 용인시 수지구 현암로125번길 11,37.3336370845464,127.120082011998
186,경기 용인시 수지구 현암로63번길 2,37.3320946107826,127.117023130661
187,경기 용인시 기흥구 언남로 5,37.2929722800738,127.123979272219
188,경기 용인시 기흥구 언남로 15,37.2939727333271,127.127511504781
189,경기 용인시 수지구 용구대로2771번길 66,37.3351174990364,127.105404087376
190,경기 용인시 수지구 용구대로2771번길 68,37.3364136934898,127.106842175165
191,경기 용인시 수지구 용구대로2771번길 88,37.3374920497986,127.105331686143
192,경기 용인시 기흥구 관곡로 53,37.2835576353296,127.11230303614
193,경기 용인시 기흥구 구갈로28번길 21-21,37.2794617435937,127.113477309335
194,경기 용인시 기흥구 구갈로28번길 32,37.2764585775749,127.115250598054
195,경기 용인시 기흥구 동백중앙로 41,37.2599992429272,127.162705131776
196,경기 용인시 기흥구 동백중앙로 73,37.2625313576857,127.159855265494
197,경기 용인시 기흥구 동백중앙로 312,37.2795698792809,127.158221445654
198,경기 용인시 기흥구 동백평촌로 15,37.2848275447757,127.155420952554
199,경기 용인시 기흥구 동백평촌로 39,37.2817568676234,127.154961672508
200,경기 용인시 기흥구 동백평촌로 70,37.2793964829638,127.155734867915
201,경기 용인시 기흥구 흥덕4로30번길 11,37.2762630808747,127.091599921079
202,경기 용인시 기흥구 기흥로38번길 34,37.2783686804919,127.118005460906
203,경기 용인시 기흥구 구갈로 115-16,37.2855318102771,127.10902679406
204,경기 용인시 기흥구 구갈로 16,37.2764905526883,127.112547023281
205,경기 용인시 기흥구 구교동로 17,37.3067668017301,127.10676885593
206,경기 용인시 기흥구 이현로30번길 7,37.3091076737644,127.098150516867
207,경기 용인시 기흥구 구교동로118번길 7,37.302936928161,127.118260176148
208,경기 용인시 기흥구 중부대로55번길 11,37.2681737532139,127.076022823788
209,경기 용인시 기흥구 구성로39번길 13,37.2964400293286,127.113073665203
210,경기 용인시 기흥구 구성로53번길 20,37.2967224748154,127.115990695904
211,경기 용인시 기흥구 진산로 140,37.3216459905545,127.101697126542
212,경기 용인시 수지구 고기로45번길 58,37.3394355971719,127.092591109409
213,경기 용인시 수지구 문정로 55,37.3257210533848,127.092174417062
214,경기 용인시 수지구 심곡로 16,37.3077681224143,127.078577793587
215,경기 용인시 기흥구 중부대로 735,37.2625014944037,127.141098726133
216,경기 용인시 기흥구 마북로 186,37.3054590259479,127.126780680363
217,경기 용인시 기흥구 마북로 210,37.3070090109714,127.128263217012
218,경기 용인시 기흥구 신정로41번길 31,37.2764366237461,127.100799752645
219,경기 용인시 수지구 성복1로 80,37.3156726620216,127.071267962717
220,경기 용인시 수지구 성복1로 91,37.3147348895475,127.069715242799
221,경기 용인시 수지구 성복1로 107,37.3147275407863,127.065383727095
222,경기 용인시 기흥구 동백8로 89,37.2853796792812,127.161230518699
223,경기 용인시 기흥구 동백8로 90,37.2842166067514,127.160111317632
224,경기 용인시 기흥구 동백8로 103,37.2850106257459,127.163846827571
225,경기 용인시 기흥구 동백8로 126,37.2822444950203,127.164066243807
226,경기 용인시 수지구 정든로 22,37.3276836869479,127.115846685568
227,경기 용인시 수지구 이현로 125,37.3128965349075,127.090448351574
228,경기 용인시 수지구 죽전로 87,37.3226931003233,127.118073716176
229,경기 용인시 수지구 죽전로 111,37.3237783132207,127.119232659534
230,경기 용인시 수지구 죽전로 116,37.3229002059675,127.121847765065
231,경기 용인시 수지구 죽전로 121,37.3236619856559,127.12030510085
232,경기 용인시 수지구 디지털벨리로 5,37.3280362615077,127.131856973928
233,경기 용인시 기흥구 금화로11번길 9,37.262168898647,127.105366375032
234,경기 용인시 기흥구 금화로11번길 10,37.2624627769001,127.107219332889
235,경기 용인시 수지구 성복1로 157,37.3159379794128,127.06274043236
236,경기 용인시 수지구 성복1로 222,37.3221480267536,127.061648169477
237,경기 용인시 수지구 성복2로 86,37.31695333469,127.07528876261
238,경기 용인시 기흥구 동백8로131번길 9,37.2828580305422,127.164442515197
239,경기 용인시 기흥구 동백8로131번길 20,37.2833618682198,127.16652141053
240,경기 용인시 수지구 성복1로163번길 11,37.3159552995459,127.060977964558
241,경기 용인시 수지구 성복1로164번길 13,37.3183227202926,127.064298835594
242,경기 용인시 수지구 성복1로164번길 20,37.3176034747725,127.064868055335
243,경기 용인시 수지구 죽전로 143,37.3248994660764,127.12396897438
244,경기 용인시 수지구 죽전로 244,37.3324293267349,127.130723409382
245,경기 용인시 수지구 죽전로 267,37.334953392727,127.126066294742
246,경기 용인시 수지구 대지로 19,37.327872639172,127.111813264774
247,경기 용인시 수지구 대지로 27,37.3281317963022,127.113118995999
248,경기 용인시 기흥구 동백죽전대로 283,37.2633044322536,127.153954452763
249,경기 용인시 수지구 디지털벨리로 21,37.329872375806,127.132348302732
250,경기 용인시 기흥구 서그내로16번길 14,37.2456694256064,127.072374832462
251,경기 용인시 기흥구 서그내로16번길 30,37.2454907178065,127.070332164053
252,경기 용인시 수지구 현암로 54,37.3312019365771,127.114653204506
253,경기 용인시 수지구 광교마을로 62,37.2980951617498,127.071136107425
254,경기 용인시 수지구 광교마을로 90,37.2952051161118,127.075593136434
255,경기 용인시 기흥구 동탄기흥로 864,37.235891750118,127.102908340046
256,경기 용인시 수지구 신봉3로11번길 10-7,37.3260921140314,127.067594630185
257,경기 용인시 수지구 신봉3로12번길 9,37.3302199204965,127.064862201305
258,경기 용인시 수지구 신수로683번길 19,37.329987610414,127.099313461978
259,경기 용인시 수지구 신수로783번길 50,37.3425443581459,127.098795974794
260,경기 용인시 기흥구 공세로 226,37.2400290211559,127.102562903765
261,경기 용인시 기흥구 공세로 76,37.2314220538897,127.109696063763
262,경기 용인시 기흥구 마북로154번길 16,37.3024827565463,127.125738100181
263,경기 용인시 수지구 수풍로23번길 25,37.3270146379688,127.086358717652
264,경기 용인시 수지구 신봉1로172번길 8,37.3287865414389,127.069648225532
265,경기 용인시 기흥구 서그내로 31,37.2451107968065,127.075235718937
266,경기 용인시 수지구 만현로 25,37.3112178333858,127.090073064781
267,경기 용인시 기흥구 중부대로746번길 20,37.2606192382548,127.136781689486
268,경기 용인시 기흥구 중부대로746번길 21,37.2604849291054,127.138070181087
269,경기 용인시 기흥구 금화로58번길 10,37.2621614363767,127.109518545757
270,경기 용인시 기흥구 금화로82번길 14,37.2647013177693,127.110847444307
271,경기 용인시 기흥구 금화로82번길 17,37.2661944455713,127.111793032675
272,경기 용인시 기흥구 덕영대로2077번길 8,37.2690334569471,127.095855224609
273,경기 용인시 기흥구 덕영대로2077번길 20,37.2675557588544,127.096287742686
274,경기 용인시 기흥구 덕영대로2077번길 53,37.2651606454878,127.093546638446
275,경기 용인시 기흥구 덕영대로2077번길 55,37.2653390169452,127.092212720784
276,경기 용인시 기흥구 탑실로 15,37.2390627712733,127.107802867191
277,경기 용인시 기흥구 탑실로 152,37.2438517617465,127.120931223097
278,경기 용인시 기흥구 서천동로 60,37.2355510623789,127.075095831711
279,경기 용인시 수지구 상현로 142,37.3107490147914,127.085095301061
280,경기 용인시 기흥구 동백4로 26,37.2715113932588,127.155462690092
281,경기 용인시 기흥구 동백4로 72,37.2708819348205,127.157433773015
282,경기 용인시 기흥구 동백5로 41,37.2759193992434,127.154890510455
283,경기 용인시 기흥구 동백5로 79,37.277304266373,127.157372954143
284,경기 용인시 수지구 광교호수로 431,37.3026023385572,127.08416392288
285,경기 용인시 기흥구 신구로42번길 15,37.2763076829334,127.111264173511
286,경기 용인시 기흥구 신구로42번길 22,37.275674254595,127.111739623189
287,경기 용인시 수지구 죽전로27번길 14-30,37.3212463544349,127.113706289114
288,경기 용인시 수지구 죽전로27번길 60,37.325852256569,127.112287195228
289,경기 용인시 기흥구 고매로 16,37.2312068798664,127.110957845049
290,경기 용인시 기흥구 고매로 26,37.2311643641017,127.11218674511
291,경기 용인시 수지구 성복2로76번길 31,37.315676733321,127.079716297203
292,경기 용인시 수지구 성복1로281번길 20,37.3252174638868,127.052135737832
293,경기 용인시 기흥구 동백7로 56,37.2817373119883,127.157828383583
294,경기 용인시 기흥구 흥덕1로79번길 9,37.2755121533177,127.070852363355
295,경기 용인시 기흥구 흥덕1로79번길 37,37.277975571288,127.070593415212
296,경기 용인시 기흥구 흥덕2로117번길 14,37.2790005717998,127.072420377421
297,경기 용인시 기흥구 흥덕2로118번길 25,37.2782697708764,127.077078008295
298,경기 용인시 기흥구 흥덕2로118번길 26,37.2773277008991,127.077404490044
299,경기 용인시 기흥구 신갈로 102,37.276052048159,127.106774058122
300,경기 용인시 기흥구 서천서로 125,37.2354638499494,127.070235398311
301,경기 용인시 기흥구 서천서로 27,37.2400643062814,127.071314487412
302,경기 용인시 기흥구 새천년로 13,37.289575361912,127.110620709808
303,경기 용인시 기흥구 새천년로 27,37.290213058126,127.111738001307
304,경기 용인시 기흥구 새천년로 40,37.2882245520391,127.114198561785
305,경기 용인시 기흥구 산양로 17,37.2848705435733,127.106446862302
306,경기 용인시 기흥구 구성2로 52,37.2952364873062,127.147262943559
307,경기 용인시 기흥구 구성3로 37,37.295534418755,127.149523802711
308,경기 용인시 기흥구 구성3로 38,37.2955017961538,127.151441268974
309,경기 용인시 기흥구 용구대로 2460,37.3049734360163,127.107305714974
310,경기 용인시 기흥구 마북로 124-9,37.3006967151864,127.124638352473
311,경기 용인시 기흥구 강남동로 20,37.269755501324,127.127939220502
312,경기 용인시 기흥구 강남동로 43,37.2703792957009,127.132763854106
313,경기 용인시 기흥구 강남동로 54,37.2690085523411,127.133476351771
314,경기 용인시 기흥구 강남동로 92,37.2705240589733,127.135340228322
315,경기 용인시 기흥구 강남동로 128,37.276432139191,127.137174942641
316,경기 용인시 기흥구 흥덕중앙로105번길 24,37.2776395288418,127.079611445893
317,경기 용인시 기흥구 흥덕중앙로105번길 40,37.2808919659532,127.082183227258
318,경기 용인시 기흥구 흥덕중앙로105번길 41,37.2810160867146,127.076604054775
319,경기 용인시 기흥구 동백7로 80,37.2814522857064,127.159261891494
320,경기 용인시 기흥구 동백7로 96,37.2802869728537,127.160794549979
321,경기 용인시 기흥구 동백7로 97,37.2810529120118,127.16134915975
322,경기 용인시 기흥구 동백8로 9,37.2860935473459,127.151565178041
323,경기 용인시 기흥구 동백8로 19,37.2873730253561,127.153519576544
324,경기 용인시 기흥구 동백8로 27,37.2861827077025,127.154248576494
325,경기 용인시 기흥구 동백8로 64,37.283449259189,127.157374021271
326,경기 용인시 수지구 수지로113번길 15,37.3130870956522,127.075416893363
327,경기 용인시 수지구 수지로113번길 16,37.3144340019255,127.076894709505
328,경기 용인시 기흥구 마북로 139,37.3027601328363,127.12023953873
329,경기 용인시 기흥구 마북로 140,37.301602343532,127.12274438066
330,경기 용인시 기흥구 한보라1로 91,37.2479667393955,127.106282330996
331,경기 용인시 기흥구 신촌로47번길 11,37.3086309651906,127.108734928999
332,경기 용인시 기흥구 중부대로788번길 15,37.2561440980568,127.141252685109
333,경기 용인시 기흥구 중부대로788번길 22,37.2575204651343,127.140474627322
334,경기 용인시 수지구 용구대로2801번길 16,37.3353598938799,127.10689101026
335,경기 용인시 수지구 용구대로2801번길 41,37.3342846372483,127.104737615065
336,경기 용인시 수지구 성복2로 126,37.318624249987,127.071894854674
337,경기 용인시 수지구 성복2로 158,37.3191315368797,127.070840827626
338,경기 용인시 수지구 성복2로 174,37.3215024435241,127.068981158302
339,경기 용인시 수지구 성복2로 184,37.3191183396399,127.067364215021
340,경기 용인시 기흥구 구성3로 65,37.2998817515135,127.149441951314
341,경기 용인시 수지구 만현로133번길 33,37.3047866854939,127.090792931685
342,경기 용인시 수지구 만현로67번길 9,37.3094917471565,127.087881148897
343,경기 용인시 수지구 만현로67번길 19,37.3094874133331,127.090404899185
344,경기 용인시 수지구 죽전로254번길 29,37.3332427881518,127.131607897612
345,경기 용인시 수지구 신봉2로 26,37.3254455462494,127.077699444274
346,경기 용인시 수지구 신봉2로 60,37.3277943445971,127.074640193937
347,경기 용인시 수지구 신봉2로 72,37.3285206048701,127.073006201223
348,경기 용인시 수지구 신봉2로 93,37.3285439119413,127.071580025863
349,경기 용인시 기흥구 언동로 193-26,37.2793066011735,127.144622107595
350,경기 용인시 기흥구 언동로 207,37.2775460815233,127.143865530133
351,경기 용인시 기흥구 용구대로2152번길 39,37.2802198818253,127.109843406507
352,경기 용인시 기흥구 구성로 44-10,37.2935974982875,127.113762894095
353,경기 용인시 기흥구 구성로 392,37.291712336195,127.154485418769
354,경기 용인시 기흥구 구성로 395,37.2931593253879,127.151617696712
355,경기 용인시 기흥구 구성로 411,37.2929253913132,127.153593788736
356,경기 용인시 기흥구 구성로 470,37.2970870890748,127.15360146072
357,경기 용인시 기흥구 구성로 475,37.2954772356295,127.153579691059
358,경기 용인시 기흥구 연원로 5,37.3013629715323,127.107915862695
359,경기 용인시 수지구 수지로 68,37.3087591030814,127.077999471009
360,경기 용인시 수지구 수지로 75,37.3090507025409,127.072725781919
361,경기 용인시 수지구 수풍로 13,37.3264294824777,127.087861493609
362,경기 용인시 수지구 수풍로 16,37.3261174567638,127.091193519229
363,경기 용인시 수지구 수풍로 38,37.326731637609,127.091844384411
364,경기 용인시 수지구 수풍로 47,37.3290253093973,127.091139488863
365,경기 용인시 수지구 수풍로 90,37.330418161595,127.093516684522
366,경기 용인시 수지구 진산로34번길 24,37.3142775569728,127.093682486019
367,경기 용인시 수지구 진산로34번길 29,37.3152042209919,127.095881780815
368,경기 용인시 처인구 중부대로 1348,37.2347371362997,127.193993074884
369,경기 용인시 처인구 양지면 교동로 1,37.2347110399464,127.285189473495
370,경기 용인시 기흥구 어정로 62-7,37.2703803487072,127.1395266513
371,경기 용인시 기흥구 어정로 62-28,37.2678764117371,127.13560201042
372,경기 용인시 기흥구 어정로 80,37.273028241496,127.139674616347
373,경기 용인시 기흥구 갈천로7번길 47,37.2703384908712,127.104723385184
374,경기 용인시 수지구 죽전로193번길 11,37.3268391943815,127.12398209004
375,경기 용인시 수지구 죽전로193번길 35,37.3276729273013,127.122416691929
376,경기 용인시 수지구 진산로66번길 10,37.3159965139503,127.093042598521
377,경기 용인시 기흥구 구성로 97,37.2943652812561,127.12040290424
378,경기 용인시 기흥구 구성로 105-15,37.2947865035939,127.12536179435
379,경기 용인시 기흥구 구성로 123,37.293370775761,127.121929368991
380,경기 용인시 수지구 신봉1로 110,37.3272833406666,127.074112207154
381,경기 용인시 수지구 신봉1로 112-2,37.3259211635098,127.073092369229
382,경기 용인시 수지구 신봉1로 214,37.3319662511779,127.066572848259
383,경기 용인시 수지구 신봉1로 216,37.3331820295127,127.064921731677
384,경기 용인시 수지구 동천로113번길 10,37.3371388240297,127.09067319832
385,경기 용인시 기흥구 동백죽전대로527번길 67,37.2845043642127,127.147517403777
386,경기 용인시 기흥구 동백죽전대로527번길 80,37.2844229383667,127.143164923122
387,경기 용인시 기흥구 동백죽전대로527번길 81,37.2804913755287,127.146528557107
388,경기 용인시 처인구 고림로 22,37.2357245863147,127.214477191055
389,경기 용인시 기흥구 서천로128번길 12,37.2373096857849,127.071519027676
390,경기 용인시 처인구 포곡읍 영문로 64,37.272491714414,127.20953517256
391,경기 용인시 수지구 손곡로 53,37.335938417693,127.096216416728
392,경기 용인시 수지구 손곡로 54,37.3374437960249,127.097066708688
393,경기 용인시 수지구 손곡로 67,37.3358683557694,127.094152879344
394,경기 용인시 수지구 손곡로 82,37.3373805953074,127.093192422082
395,경기 용인시 수지구 수지로 166,37.3155734951697,127.08296384069
396,경기 용인시 수지구 수지로 323,37.3274629781328,127.093261635609
397,경기 용인시 수지구 수지로 487,37.3397104310019,127.099557264529
398,경기 용인시 기흥구 구성로 184,37.2903093930033,127.131377562635
399,경기 용인시 수지구 동천로153번길 6,37.3364560321794,127.086447726322
400,경기 용인시 수지구 동천로153번길 7,37.3363041704464,127.087358201018
401,경기 용인시 수지구 동천로153번길 79,37.3321602839599,127.090060938532
402,경기 용인시 수지구 동천로178번길 4,37.3385802147712,127.085451689556
403,경기 용인시 처인구 동부로 7,37.2320260547433,127.214085378328
404,경기 용인시 수지구 수지로 17,37.3065828331701,127.072617824971
405,경기 용인시 수지구 수지로 41,37.3068607108703,127.0734962379
406,경기 용인시 기흥구 신갈로124번길 3,37.2783666358939,127.106075977986
407,경기 용인시 기흥구 사은로 274-22,37.2507075009261,127.134259561553
408,경기 용인시 처인구 명지로 15-5,37.2354205089921,127.189754074397
409,경기 용인시 처인구 명지로 15-29,37.2347450748545,127.190658312781
410,경기 용인시 처인구 명지로 15-33,37.2350054175335,127.191644125489
411,경기 용인시 처인구 명지로 307,37.2281701147784,127.20980855426
412,경기 용인시 처인구 경안천로 368,37.263721397637,127.216520743689
413,경기 용인시 처인구 경안천로 378,37.2646120521987,127.216779994487
414,경기 용인시 처인구 경안천로 112,37.2418513585198,127.214857565402
415,경기 용인시 기흥구 언동로217번길 11,37.2771000876953,127.144735602602
416,경기 용인시 기흥구 언동로217번길 31,37.2793645553415,127.147384127297
417,경기 용인시 수지구 신봉1로 27,37.319200366708,127.081755032051
418,경기 용인시 수지구 신봉1로 28,37.3208968479859,127.081732387572
419,경기 용인시 처인구 백옥대로 1104,37.2341415411794,127.209391465262
420,경기 용인시 기흥구 흥덕2로 46,37.2718039860621,127.073986648061
421,경기 용인시 기흥구 흥덕2로 80,37.274827017159,127.074640523095
422,경기 용인시 기흥구 흥덕2로 126,37.2790215586696,127.074465492066
423,경기 용인시 기흥구 흥덕3로 20,37.2716435237123,127.083835179275
424,경기 용인시 기흥구 흥덕3로 60,37.2736601925162,127.082868553444
425,경기 용인시 처인구 금학로 91,37.2401835987824,127.173980330492
426,경기 용인시 처인구 금학로 520,37.2343743260703,127.218933241943
427,경기 용인시 처인구 중부대로 1144,37.2388157946696,127.172143024956
428,경기 용인시 기흥구 언동로71번길 64,37.2882117939463,127.146048909546
429,경기 용인시 기흥구 연원로42번길 2,37.3004419678659,127.111378894338
430,경기 용인시 기흥구 연원로42번길 33,37.3019634908872,127.114832245818
431,경기 용인시 처인구 금령로 43,37.2350929624375,127.201120887894
432,경기 용인시 기흥구 기흥로116번길 7,37.2871558759002,127.111313524212
433,경기 용인시 기흥구 기흥로116번길 60,37.2875362402249,127.120479194225
434,경기 용인시 기흥구 기흥로116번길 77,37.2895213862579,127.11808557837
435,경기 용인시 기흥구 기흥로116번길 100,37.2893754230178,127.125693279745
436,경기 용인시 기흥구 예현로35번길 21,37.2412105840823,127.067368862997
437,경기 용인시 처인구 금어로 6,37.2649107799949,127.216318629405
438,경기 용인시 처인구 금어로 74,37.2654793327914,127.223261181051
439,경기 용인시 처인구 금어로 102,37.2656108976731,127.225536170175
440,경기 용인시 처인구 이동읍 백옥대로 711,37.2000126670327,127.208102044125
441,경기 용인시 처인구 이동읍 백옥대로 737,37.2022773855101,127.208654696125
442,경기 용인시 처인구 포곡읍 둔전로 15,37.2667911575817,127.215480376765
443,경기 용인시 수지구 성복1로 13,37.3108741881584,127.073791408878
444,경기 용인시 수지구 수풍로 89,37.3328305263887,127.090813807316
445,경기 용인시 수지구 성복1로 35,37.3142264047401,127.073779230336
446,경기 용인시 수지구 상현로 6,37.3025115899845,127.074650278871
447,경기 용인시 수지구 정든로 5,37.3275054456876,127.113540494502
448,경기 용인시 기흥구 동백죽전대로527번길 34,37.2852183858318,127.147124111918
449,경기 용인시 수지구 신봉3로 6,37.3283036176158,127.067261275289
450,경기 용인시 수지구 신봉2로 154,37.3324669442292,127.067228314575
451,경기 용인시 수지구 고기로45번길 40,37.3401906166844,127.092876981329
452,경기 용인시 처인구 남사읍 한숲로33번길 36,37.1546270499204,127.167109985309
453,경기 용인시 기흥구 용인향교로 29,37.2974293956629,127.119286924919
454,경기 용인시 기흥구 마북로 182,37.3046052126458,127.126520830689
455,경기 용인시 수지구 법조로 252,37.3006839247267,127.076070647606
456,경기 용인시 기흥구 마북로154번길 23,37.3027252123596,127.128019413568
457,경기 용인시 수지구 대지로 82,37.329249591719,127.117399191309
458,경기 용인시 수지구 법조로 251,37.3012986515503,127.074449326457
459,경기 용인시 수지구 진산로 108,37.3187927615522,127.099705663246
460,경기 용인시 수지구 신봉3로 25,37.3265619821006,127.064895049438
461,경기 용인시 처인구 낙은로 60,37.2427209713758,127.196863141001
462,경기 용인시 기흥구 용구대로 1842,37.2522132230294,127.105729889874
463,경기 용인시 수지구 탄천상로 7,37.3316949444179,127.11158129507
464,경기 용인시 기흥구 구갈로 71-18,37.2826672623871,127.110737118808
465,경기 용인시 기흥구 중부대로 375,37.2719908869697,127.10785938159
466,경기 용인시 기흥구 서천동로 22,37.238322395798,127.075684044275
467,경기 용인시 처인구 낙은로 59,37.2415236089635,127.196679365345
