,지명,도로명�,위도,경도,활동지�,행정동,NUMPOINTS,chr_count,np_scaled,count * 활동지가중치,scaled_cnt*가중치,읍면동scaled,활동지시설최종수요지수
99,구갈1리 소공원 주변,경기도 용인시 기흥구 신구로 39,37.27570893,127.1093395,주차장,신갈동,16964.458,0,1.0,1.0815573770491804,0.6672290735268461,0.748459564052196,1.4156886375790423
82,명지대사거리 주변,경기도 용인시 처인구 용문로 42,37.23735983,127.190373,주차장,역삼동,14001.37,0,0.9099908847333095,0.9842073544308213,0.6071723749384812,0.780984141783772,1.3881565167222532
109,한신아파트 주변,경기도 용인시 기흥구 신갈로 102,37.27605205,127.1067741,주차장,신갈동,14651.272,0,0.9522299581932601,1.029891335931153,0.6353555127897963,0.748459564052196,1.3838150768419923
37,상현1동,경기도 용인시 수지구 상현로 71 (상현동),37.3046261,127.0811457,공공기관,상현1동,12270.938747666862,1,0.7975249855905255,1.3440257134214102,0.8291497525624552,0.554183572630524,1.3833333251929791
202,죽 전 로,기흥구 죽전로 (보정동 1353번지),37.32123803,127.1130889,주차장,보정동,12864.283361468993,1,0.8360882254781612,0.9042773881298638,0.5578623720724983,0.8131680973685957,1.3710304694410942
23,죽전1동,경기도 용인시 수지구 대지로15번길 50 (죽전동),37.3310497,127.1139958,공공기관,죽전1동,8647.875628824948,1,0.5620512845912964,0.9471946238686109,0.5843386626955851,0.7701800128480061,1.3545186755435912
90,외대 진입로,,37.33674389,127.2517873,주차장,모현읍,9976.22,0,0.6483843555376464,0.7012648828950201,0.432620892834685,0.8979346352125557,1.3305555280472408
116,김량장 공영,,37.2325411,127.1984058,주차장,중앙동,20429.614,0,1.0,1.0815573770491804,0.6672290735268461,0.6566810534337386,1.3239101269605849
110,새천년로16번길 주변,경기도 용인시 기흥구 새천년로16번길 3-10,37.28859166,127.1115249,주차장,신갈동,12918.95,0,0.8396411737083863,0.9081201054985376,0.5602330024284403,0.748459564052196,1.3086925664806364
19,보정동,경기도 용인시 기흥구 죽현로 35 (보정동),37.3194834,127.1146958,공공기관,보정동,7224.611394375848,2,0.4695490880265593,0.7913056762152507,0.48816841752596907,0.8131680973685957,1.3013365148945648
174,보정동,경기도 용인시 기흥구 죽전로 40,37.32018859,127.1130928,주차장,보정동,11123.315048402814,1,0.7229374912643128,0.781898376822345,0.4823649125141099,0.8131680973685957,1.2955330098827056
177,보 정 동,기흥구 죽전로 40,37.32018859,127.1130928,주차장,보정동,11123.315048402814,1,0.7229374912643128,0.781898376822345,0.4823649125141099,0.8131680973685957,1.2955330098827056
38,성복동,경기도 용인시 수지구 성복1로 100 (성복동),37.3164878,127.0690016,공공기관,성복동,7550.438833355615,1,0.4907255871454017,0.826993284566349,0.5101846418722522,0.7684512382071154,1.2786358800793676
228,SJ타워,경기도 용인시 기흥구 죽전로 39,37.32067712,127.1128803,직장,보정동,11722.52652716845,1,0.7618820362412897,0.7531391276286847,0.464622897525347,0.8131680973685957,1.2777909948939428
26,기흥구청,경기도 용인시 기흥구 관곡로 95 (구갈동),37.2804469,127.1146907,공공기관,구갈동,9010.635,0,0.5856281003686727,0.9869273560311402,0.6088503849879562,0.6659122903867136,1.27476267537467
105,기흥학교 주변,,37.27897365,127.1066696,주차장,신갈동,11994.599,0,0.7795648394429452,0.8431441029876773,0.520148325575621,0.748459564052196,1.268607889627817
55,현대그린프라자,경기도 용인시 수지구 풍덕천로 149,37.32463773,127.0975831,대규모점포,풍덕천1동,15854.113,0,1.0,1.217622950819672,0.7511699800864948,0.5022178073125627,1.2533877873990575
108,신갈학교 주변,경기도 용인시 기흥구 신갈로84번길 15-1,37.27415698,127.1072762,주차장,신갈동,11631.398,0,0.7559593208882592,0.8176133802557853,0.504398037300257,0.748459564052196,1.252857601352453
46,풍덕천1동,경기도 용인시 수지구 수지로342번길 3 (풍덕천동),37.3279561,127.0950264,공공기관,풍덕천1동,11057.638263459425,1,0.718668960710726,1.2111339206731577,0.7471667994281008,0.5022178073125627,1.2493846067406635
22,동천동,경기도 용인시 수지구 신수로783번길 40 (동천동),37.341861,127.0992375,공공기관,동천동,8153.332924237669,1,0.5299094760907153,0.89302777282173,0.5509223145601929,0.6959891915655239,1.2469115061257168
349,용인신촌초등학교,경기도 용인시 수지구 죽전로27번길 14-19,37.32314253,127.1136656,학교,죽전1동,15858.586,0,1.0,0.7668032786885246,0.47305251859368286,0.7701800128480061,1.243232531441689
81,금호어울림 주변,,37.23597526,127.1949762,주차장,중앙동,13353.815,0,0.8679043498182635,0.9386883521190154,0.5790910152391597,0.6566810534337386,1.2357720686728983
520,삼성전자공과대학교,경기도 용인시 기흥구 농서동 산24,37.23016863,127.0803609,학교,서농동,31375.288,0,1.0,0.7668032786885246,0.47305251859368286,0.7588245151758195,1.2318770337695024
87,용인학교 주변,,37.23868637,127.1911339,주차장,역삼동,10070.139,0,0.6544884320603915,0.7078667918882678,0.43669371015769326,0.780984141783772,1.2176778519414653
8,느티나무도서관,경기도 용인시 수지구 수풍로 116번길 22(동천동),37.33401684,127.0960404,공공기관,동천동,7644.043,0,0.4968092017073658,0.8372456710740525,0.516509493883005,0.6959891915655239,1.212498685448529
2,모현도서관,경기도 용인시 처인구 모현읍 백옥대로 2378,37.33570489,127.2496431,공공기관,모현읍,4585.774,0,0.29804315859426667,0.502276011532633,0.3098616540751856,0.8979346352125557,1.2077962892877414
104,구갈119안전센터 주변,경기도 용인시 기흥구 신구로64번길 5,37.27784711,127.1101044,주차장,구갈동,12396.726,0,0.8057002750828255,0.8714110762063839,0.5375866480838388,0.6659122903867136,1.2034989384705526
256,리베로 lll,경기도 용인시 기흥구 보정로 117 (보정동),37.31975679,127.1142666,직장,보정동,9380.683828094854,2,0.6096786797385888,0.6026823670202771,0.3718038505502429,0.8131680973685957,1.1849719479188385
183,역북동행정,처인구 명지로 16,37.23455978,127.1881482,주차장,역삼동,8932.812791585442,1,0.5805702024424653,0.6279199853465844,0.38737331829297966,0.780984141783772,1.1683574600767517
131,역삼동,경기도 용인시 처인구 명지로 16,37.23455978,127.1881482,주차장,역삼동,8932.812791585442,1,0.5805702024424653,0.6279199853465844,0.38737331829297966,0.780984141783772,1.1683574600767517
31,역삼동,용인시 처인구 명지로26번길 10,37.233805,127.187231,공공기관,역삼동,5659.241,3,0.36781098738973533,0.619851959076472,0.3823960310887774,0.780984141783772,1.1633801728725492
212,중소기업은행,경기도 용인시 수지구 신수로 799,37.34128398,127.1020542,직장,동천동,11698.89,0,0.7603458276938375,0.7516205477039083,0.46368606264465906,0.6959891915655239,1.159675254210183
39,모현면,경기도 용인시 처인구 모현읍 독점로 31-6 (갈담리),37.3295337,127.2423619,공공기관,모현읍,3833.222,0,0.24913255482564822,0.4198496169848629,0.25901156693665917,0.8979346352125557,1.1569462021492147
378,둔전제일초등학교,경기도 용인시 처인구 포곡읍 포곡로141번길 28,37.27402249,127.2191252,학교,포곡읍,4757.318,0,0.3091923158789246,0.23708968156125734,0.14626420375633883,1.0,1.1462642037563389
144,죽전1동,경기도 용인시 수지구 대지로15번길 50,37.33105012,127.1139969,주차장,죽전1동,8647.875628824948,1,0.5620512845912964,0.6078907131296849,0.3750169578924244,0.7701800128480061,1.1451969707404306
461,용인신릉초등학교,경기도 용인시 기흥구 새천년로 53,37.29026142,127.1147273,학교,신갈동,12694.009,0,0.8250215857964323,0.6326292569775102,0.3902785390551565,0.748459564052196,1.1387381031073525
103,기흥구청 인근 도로,,37.27800189,127.1159379,주차장,구갈동,10889.02,0,0.7077099557885194,0.7654289234942224,0.47220465812649903,0.6659122903867136,1.1381169485132125
440,갈곡초등학교,경기도 용인시 기흥구 강남동로 61,37.2712833,127.1332521,학교,구갈동,15137.868,0,0.9838552866109569,0.7544234595283198,0.46541522126302287,0.6659122903867136,1.1313275116497366
190,수지노외,수지구 수지로 296번길 일원,37.32295498,127.0927459,주차장,풍덕천2동,15386.275,0,1.0,1.0815573770491804,0.6672290735268461,0.46290549620522065,1.1301345697320668
406,용인신릉중학교,경기도 용인시 기흥구 새천년로 57,37.29025948,127.1160249,학교,신갈동,12208.174,0,0.793445717043274,0.6084167772901499,0.3753414948146914,0.748459564052196,1.1238010588668874
477,성서중학교,경기도 용인시 수지구 성복1로 137,37.31519522,127.0643278,학교,성복동,11537.628,0,0.7498649283208575,0.574998885609969,0.35472549294725314,0.7684512382071154,1.1231767311543686
76,ak&기흥,경기도 용인시 기흥구 기흥역로 63,37.27484277,127.1187785,대규모점포,구갈동,9118.883,0,0.5926634614290983,0.7216406327482996,0.44519100051968885,0.6659122903867136,1.1111032909064025
79,국도 42호선 주변,,37.23395865,127.1971687,주차장,중앙동,10412.356,0,0.6767301377363917,0.7319224727403024,0.45153402282954763,0.6566810534337386,1.1082150762632863
397,왕산초등학교,경기도 용인시 처인구 모현읍 백옥대로2366번길 7-8,37.33532653,127.2506285,학교,모현읍,6760.652,0,0.4393949802665038,0.33692951150763467,0.2078569020724912,0.8979346352125557,1.1057915372850469
100,구갈2리 소공원 주변,,37.2774728,127.1167385,주차장,구갈동,9881.013,0,0.6421965680452222,0.6945724356849761,0.42849222111893387,0.6659122903867136,1.0944045115056475
94,전대리,,37.28836619,127.215436,주차장,포곡읍,2139.107,0,0.13902695746696325,0.15036563145709675,0.09276282802593815,1.0,1.092762828025938
324,손곡초등학교,경기도 용인시 수지구 손곡로 68,37.33686539,127.0950036,학교,동천동,12709.314,0,0.826016303491261,0.6333920097672743,0.3907490927659849,0.6959891915655239,1.0867382843315088
146,상현1동,경기도 용인시 수지구 상현로 71,37.30462736,127.0811467,주차장,상현1동,12270.938747666862,1,0.7975249855905255,0.8625690315464742,0.5321318572500777,0.554183572630524,1.0863154298806017
454,산양초등학교,경기도 용인시 기흥구 산양로 2,37.28379756,127.108588,학교,신갈동,10807.802,0,0.702431355217556,0.5386266662344456,0.3322869217248387,0.748459564052196,1.0807464857770348
149,구갈로 노상,경기도 용인시 기흥구 구갈로72번길,37.28075311,127.1136113,주차장,구갈동,9500.072,0,0.6174380738677816,0.667794703662736,0.41197263398700035,0.6659122903867136,1.077884924373714
25,신갈동,경기도 용인시 기흥구 신갈로58번길 11 (신갈동),37.2726044,127.1067683,공공기관,신갈동,4791.344,0,0.31140376731860053,0.5247919226287235,0.3237520595396145,0.748459564052196,1.0722116235918104
530,롯데시네마 수지,경기도 용인시 수지구 성복2로 38 롯데몰 수지점,37.31279759,127.0816669,영화관,성복동,17871.256,0,1.0,0.4864754098360656,0.30011402435633433,0.7684512382071154,1.0685652625634496
101,구갈공원 주변,경기도 용인시 기흥구 관곡로85번길 3-6,37.28142088,127.1143158,주차장,구갈동,9277.909,0,0.6029990364789398,0.6521780562573453,0.402338488447424,0.6659122903867136,1.0682507788341375
125,모현읍,경기도 용인시 처인구 모현읍 독점로 31-6,37.32953302,127.2423619,주차장,모현읍,3833.222,0,0.24913255482564822,0.26945115253478924,0.16622848374169347,0.8979346352125557,1.064163118954249
209,전형도,경기도 용인시 기흥구 관곡로 96,37.27995956,127.1132156,직장,구갈동,10024.17,0,0.651500769354506,0.644024531017651,0.3973084556381599,0.6659122903867136,1.0632207460248735
197,풍덕천2공영,수지구 풍덕천동 1237,37.32731868,127.0990847,주차장,풍덕천1동,12905.743,0,0.8387828113042306,0.9071917373081413,0.5596602780767652,0.5022178073125627,1.061878085389328
435,용인신촌중학교,경기도 용인시 기흥구 보정로 71,37.31614242,127.1132682,학교,보정동,7972.059,0,0.5181279419482624,0.39730220466606514,0.24510172789238704,0.8131680973685957,1.0582698252609828
399,신갈초등학교,경기도 용인시 기흥구 신갈로 76,37.27380452,127.1067493,학교,신갈동,10041.962,0,0.6526571246126824,0.5004596230124299,0.3087410965761406,0.748459564052196,1.0572006606283366
166,기흥구청,경기도 용인시 기흥구 관곡로 95,37.28044712,127.114689,주차장,구갈동,9010.635,0,0.5856281003686727,0.6333903921610359,0.3907480948402764,0.6659122903867136,1.05666038522699
199,구 갈 로,기흥구 구갈로 72번길,37.28076782,127.1135545,주차장,구갈동,9009.528,0,0.5855561531299812,0.6333125770942707,0.3907000895508614,0.6659122903867136,1.056612379937575
444,포곡고등학교,경기도 용인시 처인구 포곡읍 포곡로210번길 26,37.27259121,127.2276557,학교,포곡읍,1821.193,0,0.11836477639974588,0.09076249862455923,0.0559927555886779,1.0,1.055992755588678
111,신갈학교 주변,,37.28021223,127.1095805,주차장,신갈동,7056.739,0,0.4586385593654085,0.496043917280866,0.30601698104906894,0.748459564052196,1.054476545101265
428,용인둔전초등학교,경기도 용인시 처인구 포곡읍 포곡로118번길 61,37.26873077,127.2252393,학교,포곡읍,1755.97,0,0.11412573868593927,0.08751199060712803,0.05398746812174808,1.0,1.053987468121748
13,기흥도서관,경기도 용인시 기흥구 기흥로116번길 10,37.28617851,127.1135998,공공기관,신갈동,4517.800684416312,1,0.2936253696503093,0.4948309508205212,0.3052686837282526,0.748459564052196,1.0537282477804486
152,수지로 노상,경기도 용인시 수지구 수지로342번길,37.32607468,127.0965956,주차장,풍덕천1동,12683.475450412812,1,0.8243369789252313,0.8915677407310186,0.5500215987222014,0.5022178073125627,1.0522394060347642
404,용인고등학교,경기도 용인시 처인구 금학로253번길 20-21,37.24057072,127.1930495,학교,역삼동,8736.777,0,0.5678292504196111,0.4354133309570051,0.2686130570421601,0.780984141783772,1.049597198825932
145,동천동,경기도 용인시 수지구 신수로783번길 40,37.34186011,127.099239,주차장,동천동,8153.332924237669,1,0.5299094760907153,0.5731275030341794,0.3535710087851044,0.6959891915655239,1.0495602003506281
403,포곡초등학교,경기도 용인시 처인구 포곡읍 부곡로 24,37.28217962,127.2202404,학교,포곡읍,1447.406,0,0.09407124206476226,0.07213413684556155,0.04450063798597179,1.0,1.0445006379859718
346,신갈중학교,경기도 용인시 기흥구 용구대로2152번길 23,37.28067138,127.1086862,학교,신갈동,9524.663,0,0.6190363164573622,0.4746790770867724,0.2928366886011113,0.748459564052196,1.0412962526533074
192,기흥역 환승,기흥구 구갈동 234-3,37.27454192,127.1178677,주차장,구갈동,8587.118,0,0.558102464696621,0.6036198378419602,0.37238219045257576,0.6659122903867136,1.0382944808392893
400,포곡중학교,경기도 용인시 처인구 포곡읍 석성로 1176,37.2797216,127.2213922,학교,포곡읍,1242.284,0,0.08073975019944725,0.06191150517342861,0.03819414218247333,1.0,1.0381941421824734
389,영문중학교,경기도 용인시 처인구 포곡읍 영문로 70,37.2719248,127.2084928,학교,포곡읍,1182.286,0,0.07684030085254555,0.05892139462914456,0.03634949784779299,1.0,1.036349497847793
12,죽전도서관,경기도 용인시 수지구 대지로 89,37.33043385,127.1186264,공공기관,죽전1동,3918.2851740508886,2,0.2546610647509478,0.42916651567864644,0.2647593023925045,0.7701800128480061,1.0349393152405106
193,보정제2공영,기흥구 보정동 1090,37.32144864,127.1079251,주차장,보정동,5112.916,0,0.3323036927391458,0.3594055103027073,0.22172268503589,0.8131680973685957,1.0348907824044857
43,상현2동,경기도 용인시 수지구 만현로 82-4 (상현동),37.3094198,127.0859427,공공기관,상현2동,14799.424,0,0.961858799482006,1.6209685997827905,1.0,0.033661668769741596,1.0336616687697415
150,누리에뜰 노상,,37.32186049,127.1104986,주차장,보정동,5068.221142664732,4,0.3293988403733023,0.3562637457971905,0.21978448308309598,0.8131680973685957,1.0329525804516917
313,에버랜드,경기도 용인시 처인구 포곡읍 에버랜드로 199,37.28996008,127.2165862,관광지,포곡읍,1022.194,0,0.06643544327655654,0.05233152540063183,0.032284108037406924,1.0,1.032284108037407
319,캐리비안베이,경기도 용인시 처인구 포곡읍 에버랜드로 199,37.28996008,127.2165862,관광지,포곡읍,1022.194,0,0.06643544327655654,0.05233152540063183,0.032284108037406924,1.0,1.032284108037407
48,포곡읍,경기도 용인시 처인구 포곡읍 포곡로 258 (삼계리),37.2778194,127.2308211,공공기관,포곡읍,446.93453421636593,4,0.029047611213004185,0.04895236774912836,0.0301994546690713,1.0,1.0301994546690714
395,현암중학교,경기도 용인시 수지구 대지로 128,37.32955546,127.1218001,학교,죽전1동,8438.073,0,0.5484155846688039,0.420526868407923,0.25942937356360485,0.7701800128480061,1.029609386411611
1,포곡도서관,경기도 용인시 처인구 포곡읍 포곡로278번길 8,37.27891565,127.2325645,공공기관,포곡읍,419.1902971787395,4,0.027244430323696903,0.04591356454550888,0.02832477109776296,1.0,1.028324771097763
205,현 암 로,수지구 죽전동 1398,37.33175105,127.1227101,주차장,죽전1동,5819.074,0,0.3781990117816041,0.4090439311851038,0.25234537623980846,0.7701800128480061,1.0225253890878145
207,기흥구청,경기도 용인시 기흥구 관곡로 95,37.28012941,127.1146592,직장,구갈동,8989.655,0,0.5842645474619427,0.5775598723271335,0.3563054043147575,0.6659122903867136,1.0222176947014712
30,양지면,경기도 용인시 처인구 양지면 양지로105번길 5 (양지리),37.2354873,127.2798397,공공기관,양지면,4586.92,0,0.29811764055952467,0.50240153195933,0.3099390895213218,0.7112549953634724,1.0211940848847942
124,포곡읍,경기도 용인시 처인구 포곡읍 포곡로 258,37.27781781,127.2308231,주차장,포곡읍,446.93453421636593,4,0.029047611213004185,0.03141665819308117,0.01938141071782081,1.0,1.0193814107178207
153,풍덕천공영,경기도 용인시 수지구 풍덕천로171번길 9-2,37.32708332,127.0997294,주차장,풍덕천1동,11899.052,0,0.7733549543343012,0.8364277559377955,0.5160049096878722,0.5022178073125627,1.0182227170004348
380,기흥고등학교,경기도 용인시 기흥구 관곡로 20,37.28229211,127.108853,학교,신갈동,8716.808,0,0.5665314054246399,0.4344181391596316,0.2679991081985447,0.748459564052196,1.0164586722507407
52,용인시민체육센터,경기도 용인시 처인구 포곡읍 금어로 317,37.27638286,127.2457929,공공기관,포곡읍,220.118,0,0.01430612672657937,0.02410934143430097,0.014873416695136239,1.0,1.0148734166951363
431,역북초등학교,경기도 용인시 처인구 명지로 15-30,37.23457297,127.1924469,학교,중앙동,11617.216,0,0.7550375903199443,0.5789652997904163,0.35717243373375496,0.6566810534337386,1.0138534871674936
191,풍덕천공영(통합관제센터),수지구 풍덕천로 189번길 13,37.32751287,127.0999149,주차장,풍덕천1동,11778.41,0,0.7655140701696805,0.8279473898269619,0.510773243811081,0.5022178073125627,1.0129910511236437
503,능원초등학교,경기도 용인시 처인구 모현읍 충렬로8번길 29,37.34319393,127.1738263,학교,모현읍,3613.866,0,0.2348759527565964,0.18010365065884912,0.11110866100859879,0.8979346352125557,1.0090432962211544
118,전대에버랜드역,경기도 용인시 처인구 포곡읍 에버랜드로 143,37.2855461,127.2196457,주차장,포곡읍,137.02724004476525,6,0.008905809888668003,0.009632144383686418,0.005942215281022177,1.0,1.0059422152810222
20,수지구청,경기도 용인시 수지구 포은대로 435 (풍덕천동),37.3222236,127.0974471,공공기관,풍덕천1동,7437.963680801376,2,0.48341549080601875,0.8146739746698152,0.502584673619823,0.5022178073125627,1.0048024809323857
62,롯데쇼핑㈜롯데마트 수지점,경기도 용인시 기흥구 진산로 116,37.32077994,127.0994418,대규모점포,보정동,3917.3394743099557,2,0.2545996008982002,0.3100063173231774,0.1912475771367306,0.8131680973685957,1.0044156745053263
97,도사마을 진입로,,37.29504352,127.2345612,주차장,포곡읍,99.366,0,0.0064580933331816835,0.0069847984861747805,0.004309027631448716,1.0,1.0043090276314488
217,대웅경영개발원,경기도 용인시 처인구 포곡읍 두계로 72,37.28243053,127.2405045,직장,포곡읍,107.803,0,0.007006439180373417,0.006926037419287165,0.004272777042205045,1.0,1.004272777042205
498,용인삼계고등학교,경기도 용인시 처인구 포곡읍 백옥대로1898번길 34-42,37.29465951,127.2406099,학교,포곡읍,104.332,0,0.00678084851596634,0.005199576874333206,0.0032076974686801136,1.0,1.00320769746868
371,이현초등학교,경기도 용인시 기흥구 이현로 83,37.31029508,127.0931044,학교,보정동,6088.631,0,0.3957183268854873,0.303438110492929,0.18719555118685807,0.8131680973685957,1.000363648555454
304,삼성화재교통박물관,경기도 용인시 처인구 포곡읍 애버랜드로 376번길 171,37.30037208,127.2169533,관광지,포곡읍,6.342747827243332,7,0.00041223413901307057,0.0003247188586816072,0.00020032396600718822,1.0,1.000200323966007
279,가실벚꽃 (용인8경 중 제7경),,37.29378976,127.1949573,관광지,포곡읍,0.0,0,0.0,0.0,0.0,1.0,1.0
41,풍덕천2동,경기도 용인시 수지구 풍덕천로 51 (풍덕천동),37.3194624,127.0887791,공공기관,풍덕천2동,7929.37452896636,1,0.5153537505969678,0.8684977960880046,0.5357894015987621,0.46290549620522065,0.9986948978039827
339,용인심곡초등학교,경기도 용인시 수지구 심곡로 59,37.30901803,127.0789331,학교,상현1동,14384.631,0,0.9349001626449547,0.7168845099625861,0.4422568765728395,0.554183572630524,0.9964404492033635
36,죽전2동,경기도 용인시 수지구 포은대로 523 (죽전동),37.3259098,127.1067309,공공기관,죽전2동,10119.83939697622,2,0.6577186094084644,1.108417590937543,0.6837995449671701,0.3107770339797813,0.9945765789469514
334,대지고등학교,경기도 용인시 수지구 동백죽전대로 1066,37.32477894,127.1225516,학교,죽전1동,7268.465,0,0.4723992649292958,0.362237305197833,0.22346966205660782,0.7701800128480061,0.9936496749046139
249,용인지방공사,,37.23521629,127.2015679,직장,중앙동,8447.021,0,0.5489971419333141,0.5426971747308006,0.33479807986627375,0.6566810534337386,0.9914791333000124
401,현암고등학교,경기도 용인시 수지구 디지털벨리로 17,37.32880026,127.1313577,학교,죽전1동,7166.294,0,0.465758866262302,0.35714542572818325,0.22032840474272028,0.7701800128480061,0.9905084175907264
204,수 지 로,수지구 수지로 342번길,37.32632841,127.0963898,주차장,풍덕천1동,11195.95188539342,1,0.7276583764032178,0.7870042849705295,0.4855148243315682,0.5022178073125627,0.9877326316441308
184,금학공영,처인구 용문로 140,37.23613047,127.201254,주차장,중앙동,7571.177,0,0.49207342257953923,0.5322056402407394,0.3283256938549302,0.6566810534337386,0.9850067472886688
155,금학공영,경기도 용인시 처인구 용문로 140,37.23613047,127.201254,주차장,중앙동,7571.177,0,0.49207342257953923,0.5322056402407394,0.3283256938549302,0.6566810534337386,0.9850067472886688
141,풍덕천1동,경기도 용인시 수지구 수지로342번길 3,37.32795741,127.0950287,주차장,풍덕천1동,11057.638263459425,1,0.718668960710726,0.7772817161129533,0.4795168248275191,0.5022178073125627,0.9817346321400818
443,보정고등학교,경기도 용인시 기흥구 보정로 22,37.31390108,127.1096482,학교,보정동,5366.616,0,0.34879241401833777,0.2674551666509467,0.16499712991774526,0.8131680973685957,0.978165227286341
522,롯데시네마 용인역북,경기도 용인시 처인구 중부대로 1294 더와이스퀘어,37.23547391,127.1883042,영화관,역삼동,9859.955646728056,1,0.6408279877181486,0.31174705795960755,0.1923214663142652,0.780984141783772,0.9733056080980371
365,현암초등학교,경기도 용인시 수지구 대지로 146,37.32881299,127.1247627,학교,죽전1동,6593.773,0,0.42854901527497724,0.32861278999159116,0.20272619101667066,0.7701800128480061,0.9729062038646767
481,성서초등학교,경기도 용인시 수지구 성복2로 210,37.32044362,127.0650423,학교,성복동,6645.023,0,0.43187990595514514,0.331166927886097,0.20430187724208432,0.7684512382071154,0.9727531154491997
117,역북어린이공원,,37.23438457,127.190069,주차장,역삼동,4313.223378910545,1,0.28032927910820166,0.3031921998223542,0.18704384518181405,0.780984141783772,0.968027986965586
479,서천고등학교,경기도 용인시 기흥구 서천서로 126,37.23410552,127.069476,학교,서농동,6787.374,0,0.44113172291539055,0.3382612514650392,0.20867847255669614,0.7588245151758195,0.9675029877325156
360,대지초등학교,경기도 용인시 수지구 대지로51번길 6,37.33017106,127.1160431,학교,죽전1동,6397.233940267661,1,0.41577535435104734,0.3188179049142662,0.1966835785449439,0.7701800128480061,0.96686359139295
501,함박초등학교,경기도 용인시 처인구 명지로40번길 46,37.23373509,127.1841126,학교,역삼동,6044.155,0,0.39282769871200146,0.30122156733203065,0.18582813224907274,0.780984141783772,0.9668122740328446
480,독정초등학교,경기도 용인시 기흥구 보정로 100,37.31886937,127.1162756,학교,보정동,4937.6106875135465,1,0.3209100765138766,0.24607489883502587,0.1518073199369808,0.8131680973685957,0.9649754173055766
336,서원초등학교,경기도 용인시 수지구 상현로 45,37.30375053,127.0785606,학교,상현1동,13351.974,0,0.867784697725733,0.6654201514118223,0.4105077368562158,0.554183572630524,0.9646913094867398
178,기흥구보건소,기흥구 신갈로 58번길 11,37.27260603,127.1067678,주차장,신갈동,4791.344,0,0.31140376731860053,0.3368010417843389,0.20777764716075942,0.748459564052196,0.9562372112129555
173,신갈동(기흥구보건소),경기도 용인시 기흥구 신갈로58번길 11,37.27260603,127.1067678,주차장,신갈동,4791.344,0,0.31140376731860053,0.3368010417843389,0.20777764716075942,0.748459564052196,0.9562372112129555
421,서룡초등학교,경기도 용인시 처인구 중부대로1281번길 11,37.23811035,127.1870731,학교,역삼동,5667.214,0,0.3683291764900862,0.2824360201692423,0.17423904461017237,0.780984141783772,0.9552231863939443
200,기 흥,기흥구 신갈로 58번길～신구로 12번길,37.2723927,127.1076184,주차장,신갈동,4688.669502556135,1,0.30473064484783585,0.3295836769481307,0.2033251458370599,0.748459564052196,0.951784709889256
373,용인중학교,경기도 용인시 처인구 금학로341번길 8,37.23861861,127.2005664,학교,중앙동,9567.644,0,0.6218297801124705,0.47682111417640666,0.29415814361876014,0.6566810534337386,0.9508391970524988
4,양지해밀도서관,경기도 용인시 처인구 양지면 교동로18번길 8,37.23758345,127.2854997,공공기관,양지면,3538.142,0,0.22995442366654698,0.3875297500478857,0.23907295310952636,0.7112549953634724,0.9503279484729987
261,인디에프용인물류센타,경기도 용인시 기흥구 용구대로2469번길 15 (보정동),37.30825899,127.1051354,직장,보정동,3295.714,0,0.21419830335802525,0.21174029004080203,0.1306257814427591,0.8131680973685957,0.9437938788113549
16,구갈희망누리도서관,경기도 용인시 기흥구 갈곡로12번길 1,37.27274411,127.1295592,공공기관,구갈동,4106.140086972252,1,0.2668703170177481,0.4497421080233525,0.277452695927372,0.6659122903867136,0.9433649863140856
257,삼성휴먼센터체육관(삼성트레이닝센터),경기도 용인시 기흥구 보정로 5 (보정동),37.31606627,127.1103014,직장,보정동,3216.896,0,0.20907568596037704,0.20667645677722518,0.12750182625679474,0.8131680973685957,0.9406699236253905
258,삼성생명보험(주)트레이닝센타,경기도 용인시 기흥구 보정로 5 (보정동),37.31606627,127.1103014,직장,보정동,3216.896,0,0.20907568596037704,0.20667645677722518,0.12750182625679474,0.8131680973685957,0.9406699236253905
194,신갈IC공영,기흥구 신갈동 605-9,37.27009438,127.1029966,주차장,신갈동,4362.5,0,0.28353191399477784,0.30665603320992574,0.18918073629002904,0.748459564052196,0.9376403003422251
502,용인대일초등학교,경기도 용인시 수지구 푸른솔로 98,37.32801071,127.1189891,학교,죽전1동,5395.865,0,0.35069339395012766,0.2689128442953643,0.1658963932622745,0.7701800128480061,0.9360764061102806
433,풍천초등학교,경기도 용인시 수지구 진산로66번길 20,37.31616174,127.0955107,학교,풍덕천2동,15825.809,0,1.0,0.7668032786885246,0.47305251859368286,0.46290549620522065,0.9359580147989035
9,청덕도서관,경기도 용인시 기흥구 구성1로 44,37.2927978,127.14743,공공기관,구성동,6219.2,0,0.4042043964507329,0.6811838025432023,0.4202325712135823,0.5146254709459965,0.9348580421595789
186,보정제1공영,기흥구 보정동 1180,37.32279718,127.1103185,주차장,보정동,2711.958250383991,4,0.1762582724138228,0.1906334347951141,0.11760464380411746,0.8131680973685957,0.9307727411727132
3,보라도서관,경기도 용인시 기흥구 한보라2로 116,37.24841567,127.1090237,공공기관,보라동,7103.242,0,0.4616609283273567,0.7780121874106929,0.4799674635985832,0.4504807234832395,0.9304481870818226
335,모현초등학교,경기도 용인시 처인구 모현읍 문현로 179,37.34347639,127.2284867,학교,모현읍,1023.363,0,0.06651142008055883,0.05100117498800228,0.031463394784350805,0.8979346352125557,0.9293980299969065
157,보정공영,,37.32340738,127.1105839,주차장,보정동,2650.513285460034,6,0.17226478049170665,0.18631424414656308,0.11494006988878697,0.8131680973685957,0.9281081672573828
286,문수산,,37.33809219,127.1870876,관광지,모현읍,857.959,0,0.055761319747632224,0.04392346580120866,0.027097049139073015,0.8979346352125557,0.9250316843516286
427,용인대덕초등학교,경기도 용인시 수지구 죽전로293번길 1,37.33588361,127.1278322,학교,죽전1동,5014.282,0,0.32589317427382525,0.24989595453537994,0.15416458688272305,0.7701800128480061,0.9243445997307291
465,수지초등학교,경기도 용인시 수지구 정평로13번길 30,37.3167412,127.085295,학교,풍덕천2동,14972.455,0,0.9731046013411304,0.7461797988152684,0.46032958251952344,0.46290549620522065,0.9232350787247441
394,구갈중학교,경기도 용인시 기흥구 산양로 12,37.28484009,127.1087237,학교,신갈동,5671.015,0,0.3685762148408241,0.2826254499865499,0.17435590672417817,0.748459564052196,0.9228154707763743
18,처인구청,경기도 용인시 처인구 금령로 50 (김량장동),37.2343781,127.2013393,공공기관,중앙동,3925.8673333333336,8,0.25515385194488815,0.42999698327761476,0.26527163039138096,0.6566810534337386,0.9219526838251195
72,롯데마트신갈점,경기도 용인시 기흥구 중부대로 375,37.27199089,127.1078594,대규모점포,신갈동,3543.3962262327505,1,0.2302959115336721,0.280413587363336,0.17299137528074965,0.748459564052196,0.9214509393329458
300,호박등불마을,경기도 용인시 처인구 모현면 능곡로56번길 7,37.33641035,127.1784021,관광지,모현읍,705.495,0,0.04585222869082998,0.036118026042530824,0.022281755517886425,0.8979346352125557,0.9202163907304421
390,용인대덕중학교,경기도 용인시 수지구 죽전로293번길 12,37.33674758,127.1276076,학교,죽전1동,4864.634,0,0.3161671034737128,0.24243797155709698,0.1495636445947094,0.7701800128480061,0.9197436574427155
267,죽전쉐덴오피스텔,경기도 용인시 기흥구 진산로 222 (보정동),37.32312224,127.1092171,직장,보정동,2597.1594424855784,6,0.16879715476849197,0.16686013823836174,0.10293853826700959,0.8131680973685957,0.9161066356356053
147,성복동,,37.31663683,127.0687703,주차장,성복동,3343.659773750987,1,0.21731444249832965,0.23503803842339835,0.14499851413216358,0.7684512382071154,0.9134497523392789
348,용인한국외국어대학교부설고등학교,경기도 용인시 처인구 모현읍 외대로54번길 50,37.33045822,127.2567039,학교,모현읍,504.034,0,0.03275867615780948,0.02511946028330391,0.015496574262246605,0.8979346352125557,0.9134312094748023
208,(주)녹십자사옥,경기도 용인시 기흥구 이현로30번길 107,37.31839873,127.1013021,직장,보정동,2492.7833393654173,4,0.16201343985892735,0.1601542692375954,0.09880158644594106,0.8131680973685957,0.9119696838145368
130,양지면,,37.23558801,127.2797559,주차장,양지면,4586.92,0,0.29811764055952467,0.3224313333756499,0.198912757112541,0.7112549953634724,0.9101677524760133
220,용인농협,경기도 용인시 처인구 금령로55번길 2,37.23516045,127.2026271,직장,중앙동,6390.28,0,0.41532339698854986,0.4105573907935993,0.2532790523200844,0.6566810534337386,0.909960105753823
107,서천학교 주변,,37.24261772,127.0719254,주차장,서농동,3482.008,0,0.22630610722868272,0.24476303974446464,0.15099801425966108,0.7588245151758195,0.9098225294354806
6,동백도서관,경기도 용인시 기흥구 동백3로 80,37.27414594,127.1580486,공공기관,동백2동,6406.488,0,0.4163768033523384,0.7016973013872194,0.4328876583304863,0.47620104160716165,0.909088699937648
188,신갈제1공영,기흥구 갈천로 7번길 69,37.2708642,127.1068933,주차장,신갈동,3666.847170732985,1,0.23831935739696483,0.2577560590863075,0.1590136040394902,0.748459564052196,0.9074731680916862
160,신갈 제1공영,경기도 용인시 기흥구 갈천로7번길 69,37.2708642,127.1068933,주차장,신갈동,3666.847170732985,1,0.23831935739696483,0.2577560590863075,0.1590136040394902,0.748459564052196,0.9074731680916862
424,효자초등학교,경기도 용인시 수지구 성복1로 106-1,37.31735232,127.0673443,학교,성복동,4440.692104141482,1,0.2886138525498525,0.22131004841015328,0.13652950984973353,0.7684512382071154,0.9049807480568489
15,상현도서관,경기도  용인시 수지구 법조로 232(상현동),37.29996008,127.0742891,공공기관,상현1동,5182.541,0,0.33682882959000804,0.5676394046205381,0.3501853180231879,0.554183572630524,0.904368890653712
515,한국외국어대학교(글로벌캠퍼스),경기도 용인시 처인구 모현읍 외대로 81,37.33773882,127.268589,학교,모현읍,181.3376664580598,10,0.011785676939873998,0.009037295719059119,0.005575244159738884,0.8979346352125557,0.9035098793722945
322,용인한빛초등학교,경기도 용인시 수지구 동천로 153번길 23,37.33506501,127.0879351,학교,동천동,6749.492,0,0.4386696585105882,0.3363733324070945,0.20751378678906454,0.6959891915655239,0.9035029783545884
213,삼성건설기술원,경기도 용인시 기흥구 공세로 150-20,37.23718825,127.1126011,직장,기흥동,7582.099,0,0.4927832760041011,0.487128385951595,0.30051685517959453,0.6023377196500173,0.9028545748296117
215,삼성SDI(주)중앙연구소,경기도 용인시 기흥구 공세로 150-20,37.23718825,127.1126011,직장,기흥동,7582.099,0,0.4927832760041011,0.487128385951595,0.30051685517959453,0.6023377196500173,0.9028545748296117
402,마북초등학교,경기도 용인시 기흥구 연원로 31,37.30281997,127.1100435,학교,마북동,10928.392,0,0.7102688597467549,0.5446364904041715,0.3359944729818657,0.5656973928864053,0.901691865868271
462,모현중학교,경기도 용인시 처인구 모현읍 문현로189번길 5,37.3438498,127.231589,학교,모현읍,92.301,0,0.005998917866735127,0.004599989888795665,0.002837803205695695,0.8979346352125557,0.9007724384182514
320,성복고등학교,경기도 용인시 수지구 도마치로 92,37.32336344,127.0611228,학교,성복동,4277.996,0,0.2780397464623504,0.2132017891930564,0.1315274023331639,0.7684512382071154,0.8999786405402792
451,관곡초등학교,경기도 용인시 기흥구 관곡로 61,37.28322495,127.1137416,학교,구갈동,7607.396,0,0.4944274036438319,0.3791285541875449,0.23389012855545013,0.6659122903867136,0.8998024189421637
278,용인자연휴양림 (용인8경 중 제5경),,37.31577253,127.2688892,관광지,모현읍,34.127751762067966,2,0.0022180645908166834,0.0017471803867006826,0.00107786195669355,0.8979346352125557,0.8990124971692492
291,목재문화체험,경기도 용인시 처인구 모현면 초부로 220,37.31577253,127.2688892,관광지,모현읍,34.127751762067966,2,0.0022180645908166834,0.0017471803867006826,0.00107786195669355,0.8979346352125557,0.8990124971692492
287,숲해설,,37.31577253,127.2688892,관광지,모현읍,34.127751762067966,2,0.0022180645908166834,0.0017471803867006826,0.00107786195669355,0.8979346352125557,0.8990124971692492
285,용인자연휴양림,,37.31577253,127.2688892,관광지,모현읍,34.127751762067966,2,0.0022180645908166834,0.0017471803867006826,0.00107786195669355,0.8979346352125557,0.8990124971692492
453,구갈초등학교,경기도 용인시 기흥구 구갈로 36,37.27794262,127.1119291,학교,구갈동,7478.654,0,0.4860600762692725,0.3727124601228725,0.22993194326701696,0.6659122903867136,0.8958442336537306
410,성지고등학교,경기도 용인시 기흥구 갈곡로12번길 13,37.27228468,127.1312675,학교,구갈동,7418.019,0,0.4821192263884534,0.36969060351344113,0.22806771430549586,0.6659122903867136,0.8939800046922095
268,(주)한화63시티인재개발원,경기도 용인시 기흥구 이현로30번길 45-45 (보정동),37.31276256,127.0960831,직장,보정동,1997.987,0,0.12985514687603075,0.1283650058463058,0.07919030995634752,0.8131680973685957,0.8923584073249433
357,손곡중학교,경기도 용인시 수지구 수풍로116번길 5,37.33485587,127.0942612,학교,동천동,6381.633,0,0.41476140261369304,0.318040403397631,0.196203926121856,0.6959891915655239,0.8921931176873799
396,수지중학교,경기도 용인시 수지구 수풍로 102,37.33289857,127.0943635,학교,풍덕천1동,12644.682,0,0.8218156766338832,0.63017095532049,0.3887619756514301,0.5022178073125627,0.8909797829639928
355,대지중학교,경기도 용인시 수지구 대지로51번길 22,37.33105561,127.1163113,학교,죽전1동,3926.5565,3,0.25519864294639216,0.19568715612815563,0.1207223607874808,0.7701800128480061,0.8909023736354869
247,서울우유협동조합 제2공장,경기도 용인시 기흥구 구성로 15 (마북동),37.29615266,127.1114122,직장,마북동,8138.25,0,0.5289291917634386,0.5228595125136942,0.32255992656721255,0.5656973928864053,0.8882573194536179
492,삼가초등학교,경기도 용인시 처인구 중부대로1158번길 45,37.23671162,127.170492,학교,역삼동,3446.144,0,0.22397519867544288,0.1717449166892433,0.10595203183593876,0.780984141783772,0.8869361736197108
88,(구)용인교육청 앞,,37.2388321,127.2034081,주차장,중앙동,5307.987,0,0.34498194007321464,0.3731177622349236,0.230181980258545,0.6566810534337386,0.8868630336922836
148,기흥노상,경기도 용인시 기흥구 신갈로58번길,37.27216596,127.1069324,주차장,신갈동,3161.9029253944527,1,0.20550152167398886,0.22226168676133468,0.13711658991489267,0.748459564052196,0.8855761539670888
274,용인운전면허시험장,경기도 용인시 기흥구 용구대로 2267 (신갈동),37.28918196,127.1078273,직장,신갈동,3434.0794011398943,2,0.22319108433587043,0.22062987517136046,0.13610990071055343,0.748459564052196,0.8845694647627494
96,용인시청 주변,,37.24107743,127.1754685,주차장,역삼동,2313.914756234828,6,0.1503882360243027,0.1626535060934979,0.10034340339183218,0.780984141783772,0.8813275451756042
64,(주)이마트 용인점,경기도 용인시 처인구 명지로 53,37.23139925,127.1891773,대규모점포,역삼동,2033.8684001392028,4,0.1321871863163243,0.16095415186303258,0.0992950461129231,0.780984141783772,0.880279187896695
54,용인시청소년수련관 체육관,경기도 용인시 처인구 중부대로 1199,37.24086733,127.1779684,공공기관,역삼동,1455.5067907914902,6,0.09459773667060353,0.1594204480284925,0.09834888106398533,0.780984141783772,0.8793330228477573
47,용인시청,경기도 용인시 처인구 중부대로 1199 (삼가동),37.240867,127.1779688,공공기관,역삼동,1455.5067907914902,6,0.09459773667060353,0.1594204480284925,0.09834888106398533,0.780984141783772,0.8793330228477573
120,탄천둔치,,37.29410096,127.1120694,주차장,마북동,7120.3340626310855,1,0.4627717925638978,0.5005142461377567,0.30877479440676736,0.5656973928864053,0.8744721872931727
42,구갈동,경기도 용인시 기흥구 강남로 23 (구갈동),37.2724253,127.1275904,공공기관,구갈동,3056.1006590458533,1,0.19862511615357542,0.33473216296045166,0.20650132458167647,0.6659122903867136,0.8724136149683901
0,중앙도서관,경기도 용인시 처인구 명지로 27,37.23348159,127.1904024,공공기관,역삼동,1282.9365,3,0.08338187767994529,0.1405189676311209,0.08668827246249583,0.780984141783772,0.8676724142462677
195,유방동공영,처인구 유방동 288-3,37.25980787,127.2156012,주차장,유림동,4264.562,0,0.2771666306497187,0.2997716140510687,0.18493363418096936,0.6793057053182712,0.8642393394992405
326,솔개초등학교,경기도 용인시 수지구 상현로 79,37.30579885,127.0817295,학교,상현1동,10052.770230928785,1,0.6533595838452638,0.5009982710551183,0.3090733966853226,0.554183572630524,0.8632569693158465
469,보정초등학교,경기도 용인시 기흥구 신촌로73번길 28,37.30910418,127.110789,학교,보정동,1564.607,0,0.10168848535464238,0.0779750639748098,0.04810399410899042,0.8131680973685957,0.8612720914775862
354,성복초등학교,경기도 용인시 수지구 성복2로78번길 52,37.31954194,127.0781599,학교,성복동,3017.964,0,0.1961465006962374,0.1504057798371558,0.09278759616769267,0.7684512382071154,0.8612388343748081
475,서천초등학교,경기도 용인시 기흥구 서그내로62번길 6,37.24305253,127.0721596,학교,서농동,3300.697,0,0.21452216342162092,0.1644962982630544,0.1014802497007634,0.7588245151758195,0.8603047648765829
214,조달청,경기도 용인시 수지구 손곡로 9,37.33537368,127.1016063,직장,동천동,4034.593,0,0.26222025798966936,0.25921117306191904,0.15991128581803082,0.6959891915655239,0.8559004773835547
98,용동학교 주변,,37.2318513,127.2850734,주차장,양지면,3315.392,0,0.21547723539323196,0.2330509935257128,0.14377267613755232,0.7112549953634724,0.8550276715010247
449,토월초등학교,경기도 용인시 수지구 수지로296번길 3,37.32522741,127.0915836,학교,풍덕천1동,11472.709,0,0.7456456484756708,0.5717635279909755,0.352729551989836,0.5022178073125627,0.8549473593023987
437,성복중학교,경기도 용인시 수지구 성복2로78번길 51,37.31974732,127.0764604,학교,성복동,2781.938,0,0.18080646550253393,0.13864299055542664,0.08553095388399552,0.7684512382071154,0.8539821920911109
222,용인시정보문화기획단시립도서관,경기도 용인시 처인구 명지로 33-14,37.23304687,127.1892116,직장,역삼동,1739.8084693172887,5,0.11307535250197262,0.1117777664896549,0.06895739158959223,0.780984141783772,0.8499415333733642
86,오성웨딩홀 주변,,37.23595102,127.202335,주차장,중앙동,4353.328,0,0.2829357983007584,0.3060112998834842,0.18878299056779363,0.6566810534337386,0.8454640440015322
509,단국대학교,경기도 용인시 수지구 죽전로 152,37.32119387,127.1325359,학교,죽전1동,2418.527,0,0.15718729842018295,0.12053173579678783,0.07435784740860438,0.7701800128480061,0.8445378602566105
172,행정타운,경기도 용인시 처인구 중부대로 1199,37.24086733,127.1779684,주차장,역삼동,1455.5067907914902,6,0.09459773667060353,0.10231287994824703,0.06311836019646336,0.780984141783772,0.8441025019802353
175,용인시청,처인구 중부대로 1199,37.24086733,127.1779684,주차장,역삼동,1455.5067907914902,6,0.09459773667060353,0.10231287994824703,0.06311836019646336,0.780984141783772,0.8441025019802353
78,행정타운 주변,경기도 용인시 처인구 중부대로 1199,37.24086733,127.1779684,주차장,역삼동,1455.5067907914902,6,0.09459773667060353,0.10231287994824703,0.06311836019646336,0.780984141783772,0.8441025019802353
524,롯데시네마 용인기흥,경기도 용인시 기흥구 기흥역로 63,37.27484277,127.1187785,영화관,구갈동,9118.883,0,0.5926634614290983,0.28831620029358185,0.17786661649844182,0.6659122903867136,0.8437789068851554
512,용인대학교,경기도 용인시 처인구 용인대학로 134,37.22787888,127.1707243,학교,역삼동,2006.562,0,0.1304124617556881,0.10000070325610345,0.061691943489530596,0.780984141783772,0.8426760852733025
325,소현중학교,경기도 용인시 기흥구 만현로133번길 96,37.30158937,127.0937847,학교,보정동,926.2,0,0.06019650630188269,0.04615887839787808,0.02847610891664611,0.8131680973685957,0.8416442062852418
71,(주)이마트흥덕점,경기도 용인시 기흥구 흥덕중앙로 60,37.27580563,127.0733507,대규모점포,영덕1동,8028.765179540874,6,0.5218134460446647,0.6353720279502865,0.39197059587423605,0.44921551979837476,0.8411861156726108
411,양지초등학교,경기도 용인시 처인구 양지면 교동로 30,37.23708312,127.2844906,학교,양지면,4216.368,0,0.27403435854357217,0.21013044460451785,0.12963264349024115,0.7112549953634724,0.8408876388537135
83,문예회관 주변,경기도 용인시 처인구 중부대로1440번길 5,37.2322959,127.2043545,주차장,중앙동,4220.5506712750175,1,0.2743062028512436,0.2966778972641114,0.18302507359110237,0.6566810534337386,0.8397061270248409
321,서천중학교,경기도 용인시 기흥구 서천동로 7,37.24001911,127.0758949,학교,서농동,2581.053,0,0.16775034893110907,0.12863151756151847,0.07935472505683026,0.7588245151758195,0.8381792402326498
89,처인구청 주변,,37.23390285,127.2022196,주차장,중앙동,4171.642666666667,8,0.27112752545152524,0.29323997527318657,0.18090416761464762,0.6566810534337386,0.8375852210483863
57,(주)이마트 트레이더스 구성점,경기도 용인시 기흥구 용구대로 2457,37.30397539,127.1046502,대규모점포,보정동,445.7357697743511,2,0.02896969992895299,0.035274171511852186,0.021761168918743346,0.8131680973685957,0.8349292662873391
34,서농동,경기도 용인시 기흥구 덕영대로 1664 (서천동),37.2467988,127.0733652,공공기관,서농동,1111.61,0,0.07224685637036904,0.12175371860449077,0.07511170705022031,0.7588245151758195,0.8339362222260398
159,수지노외,,37.32161769,127.0942639,주차장,풍덕천2동,8550.466265355826,2,0.5557203589144109,0.6010434537602993,0.3707927802184688,0.46290549620522065,0.8336982764236894
478,나곡초등학교,경기도 용인시 기흥구 사은로126번길 26,37.25377554,127.1189348,학교,보라동,12373.452,0,0.8041876282596016,0.6166537100302109,0.38042298297008487,0.4504807234832395,0.8309037064533243
259,삼성생명보험(주)휴먼센타,,37.31614934,127.1081017,직장,보정동,407.046,0,0.026455136152187583,0.026151552622572315,0.016133287607222383,0.8131680973685957,0.8293013849758182
165,처인구청,경기도 용인시 처인구 금령로 50,37.23437996,127.2013372,주차장,중앙동,3925.8673333333336,8,0.25515385194488815,0.27596353085350817,0.1702460682399938,0.6566810534337386,0.8269271216737324
450,용인한빛중학교,경기도 용인시 수지구 동천로 177,37.3372256,127.0848659,학교,동천동,4230.915,0,0.27497981155282875,0.21085542107186173,0.13007989241748194,0.6959891915655239,0.8260690839830058
167,수지구청,경기도 용인시 수지구 포은대로 435,37.3222219,127.0974474,주차장,풍덕천1동,7437.963680801376,2,0.48341549080601875,0.5228415902610999,0.32254887005902555,0.5022178073125627,0.8247666773715883
245,삼성종합기술원,경기도 용인시 기흥구 삼성로 1 (농서동),37.23446295,127.0842781,직장,서농동,1636.687,0,0.10637317999320824,0.1051525041572206,0.06487016723908842,0.7588245151758195,0.823694682414908
244,삼성전자(주)기흥공장,경기도 용인시 기흥구 삼성로 1 (농서동),37.23446295,127.0842781,직장,서농동,1636.687,0,0.10637317999320824,0.1051525041572206,0.06487016723908842,0.7588245151758195,0.823694682414908
203,수 지,수지구 풍덕천로 (풍덕천동 789번지),37.32326139,127.0985804,주차장,풍덕천1동,7363.347253159054,4,0.4785659461538972,0.5175965294672683,0.31931311287376335,0.5022178073125627,0.8215309201863261
413,대청초등학교,경기도 용인시 수지구 죽전로 276,37.33412825,127.1290495,학교,죽전1동,1654.143,0,0.10750769760712064,0.08243725500939456,0.05085678712125647,0.7701800128480061,0.8210367999692626
242,대한간호노인요양원,"경기도 용인시 처인구 낙은로 76-27 (역북동,외 3필지)",37.24482721,127.1980091,직장,역삼동,973.436,0,0.06326651512468093,0.06254050593472557,0.038582182247765925,0.780984141783772,0.8195663240315378
45,마북동,경기도 용인시 기흥구 마북로 159 (마북동),37.3040956,127.1235246,공공기관,마북동,3747.043,0,0.24353152403684455,0.4104105028030757,0.2531884349012502,0.5656973928864053,0.8188858277876555
493,서농초등학교,경기도 용인시 기흥구 서천동로21번길 5,37.23913932,127.076329,학교,서농동,1768.372490353866,2,0.11493181360360881,0.08813009149686561,0.05436878389172685,0.7588245151758195,0.8131932990675463
252,처인구청,경기도 용인시 처인구 금령로 50 (김량장동),37.23446853,127.2015096,직장,중앙동,3928.2406666666666,8,0.2553081019718331,0.2523783368672383,0.15569600601828867,0.6566810534337386,0.8123770594520273
218,삼성전자(주),경기도 용인시 기흥구 농서로153번길 8,37.2240773,127.0793656,직장,서농동,1305.333,0,0.08483749315542587,0.08386394815200295,0.051736935658865134,0.7588245151758195,0.8105614508346847
221,용인우체국,경기도 용인시 처인구 중부대로1161번길 73,37.24199805,127.1807923,직장,역삼동,725.8882444016433,7,0.04717764659748012,0.04663626376767297,0.028770615158074143,0.780984141783772,0.8097547569418461
161,신갈 제2공영,,37.27066223,127.1043196,주차장,신갈동,1411.183,0,0.09171700102851406,0.09919719906321665,0.061196249622916234,0.748459564052196,0.8096558136751123
189,신갈제2공영,기흥구 신갈동 473-1 일원,37.27070648,127.104315,주차장,신갈동,1411.183,0,0.09171700102851406,0.09919719906321665,0.061196249622916234,0.748459564052196,0.8096558136751123
238,용인시청,경기도 용인시 처인구 중부대로1161번길 69,37.24235111,127.1796887,직장,역삼동,703.0568884523398,13,0.04569376853412147,0.045169413813238114,0.027865693277026347,0.780984141783772,0.8088498350607983
482,고림고등학교,경기도 용인시 처인구 고림로 165,37.24717747,127.2195504,학교,유림동,4167.195,0,0.27083845830131076,0.20767981782039036,0.12812081483146523,0.6793057053182712,0.8074265201497364
137,서농동,경기도 용인시 기흥구 덕영대로 1664,37.24679891,127.0733658,주차장,서농동,1111.61,0,0.07224685637036904,0.07813912047598522,0.04820520304122846,0.7588245151758195,0.8070297182170479
142,풍덕천2동,경기도 용인시 수지구 풍덕천로 51,37.31946228,127.0887777,주차장,풍덕천2동,7929.37452896636,1,0.5153537505969678,0.5573846507481139,0.34385900554940013,0.46290549620522065,0.8067645017546208
393,용동중학교,경기도 용인시 처인구 양지면 남곡로 26,37.23151178,127.2829773,학교,양지면,3101.188,0,0.20155547720289677,0.15455340075681143,0.09534632612718195,0.7112549953634724,0.8066013214906543
115,유방공영,,37.25977459,127.2166797,주차장,유림동,2868.318,0,0.18642055988210274,0.2016245317741267,0.12438521745649135,0.6793057053182712,0.8036909227747625
196,유방동2공영,처인구 유방동 287,37.25977455,127.2166798,주차장,유림동,2868.318,0,0.18642055988210274,0.2016245317741267,0.12438521745649135,0.6793057053182712,0.8036909227747625
134,구갈동,,37.27285069,127.1274239,주차장,구갈동,3124.644054880171,1,0.20307995631692344,0.21964262488539385,0.1355008511052132,0.6659122903867136,0.8014131414919268
487,용인성산초등학교,경기도 용인시 처인구 백옥대로1362번길 41,37.25866039,127.2158043,학교,유림동,3920.852,0,0.25482789044131865,0.19540286189168327,0.12054697538118087,0.6793057053182712,0.799852680699452
447,홍천초등학교,경기도 용인시 수지구 신봉2로14번길 49,37.32663648,127.0798022,학교,신봉동,14582.43,0,0.9477557108526918,0.7267421864776173,0.4483382260304121,0.3501824923489769,0.798520718379389
345,동천초등학교,경기도 용인시 수지구 고기로 71,37.34461156,127.0933932,학교,동천동,3231.349,0,0.21001502962867882,0.16104021329313856,0.09934813870837345,0.6959891915655239,0.7953373302738973
420,신월초등학교,경기도 용인시 수지구 풍덕천로 86,37.32052608,127.0927176,학교,풍덕천2동,10803.332,0,0.7021408365572565,0.5384038955732077,0.33214949114088554,0.46290549620522065,0.7950549873461061
266,대상(주)기흥공장,경기도 용인시 기흥구 동탄기흥로681번길 28 (농서동),37.2202127,127.0911131,직장,서농동,871.853,0,0.056664332335149344,0.05601408589851648,0.0345559352019665,0.7588245151758195,0.793380450377786
292,화운사,경기도 용인시 처인구 동백죽전대로 111-14,37.25344341,127.1612992,관광지,역삼동,347.704,0,0.02259832220599203,0.01780080954094946,0.010981588133992703,0.780984141783772,0.7919657299177647
499,용인한얼초등학교,경기도 용인시 기흥구 기흥역로58번길 57,37.27109309,127.1223198,학교,구갈동,4026.48,0,0.2616929698708752,0.2006670273067244,0.12379451849567828,0.6659122903867136,0.7897068088823919
264,(주)아신(신갈센터),경기도 용인시 기흥구 신정로 268 (신갈동),37.29137845,127.0996091,직장,신갈동,1031.9813349484573,1,0.06707155142803943,0.06630187788706193,0.040902629388346184,0.748459564052196,0.7893621934405423
73,㈜한섬,경기도 용인시 기흥구 공세로 186,37.23937673,127.1041385,대규모점포,기흥동,3810.794,0,0.24767489207101784,0.30157463292745657,0.18604594374491124,0.6023377196500173,0.7883836633949285
123,수지체육공원,,37.3279001,127.0971094,주차장,풍덕천1동,6502.186264265273,1,0.42259651957769334,0.4570623832645626,0.281968684233494,0.5022178073125627,0.7841864915460568
422,서원고등학교,경기도 용인시 수지구 상현로42번길 26-7,37.3024074,127.0814728,학교,상현1동,7387.169,0,0.4801141926814645,0.36815313709304104,0.22711922806053952,0.554183572630524,0.7813028006910635
344,성지초등학교,경기도 용인시 기흥구 강남서로 38,37.27496793,127.1286049,학교,구갈동,3729.328,0,0.2423801732388119,0.18585791152861356,0.11465855140779314,0.6659122903867136,0.7805708417945068
434,풍덕초등학교,경기도 용인시 수지구 수지로 367,37.33007411,127.0952528,학교,풍덕천1동,9019.202855470126,1,0.5861849509039795,0.4494885422710433,0.2772962673868418,0.5022178073125627,0.7795140746994045
294,죽전 유아숲체험원,경기도 용인시 수지구,37.32568276,127.1266623,관광지,죽전1동,259.213,0,0.016847027626894752,0.013270486515939227,0.00818676346828524,0.7701800128480061,0.7783667763162914
429,교동초등학교,경기도 용인시 기흥구 마북로 124-10,37.29997921,127.1224865,학교,마북동,6916.758,0,0.4495407757888118,0.3447093407790438,0.21265639619745552,0.5656973928864053,0.7783537890838608
364,서원중학교,경기도 용인시 수지구 상현로42번길 26-8,37.3018915,127.0805582,학교,상현1동,7248.183,0,0.47108107712880476,0.3612265144704892,0.22284608999760605,0.554183572630524,0.77702966262813
337,고림초등학교,경기도 용인시 처인구 한터로152번길 22,37.24741981,127.2270745,학교,유림동,3028.959,0,0.19686109860898757,0.15095373585959662,0.09312563851010093,0.6793057053182712,0.7724313438283721
408,성지중학교,경기도 용인시 기흥구 강남서로 26,37.27403886,127.1281168,학교,구갈동,3460.9631318955853,1,0.22493833834996357,0.17248345534950077,0.10640764748472828,0.6659122903867136,0.7723199378714419
226,TEL.KOREA본사,경기도 용인시 수지구 용구대로2771번길 85,37.33767801,127.104295,직장,동천동,1847.2185,15,0.12005625143187679,0.11867855674331428,0.07321459327418013,0.6959891915655239,0.769203784839704
65,죽전패션타운,경기도 용인시 수지구 용구대로 2729,37.32958582,127.1083674,대규모점포,죽전2동,9330.138,0,0.6063935552952227,0.738358710156601,0.4555046348556912,0.3107770339797813,0.7662816688354726
519,경희사이버대학교 경기학습관,경기도 용인시 기흥구 덕영대로 1732,37.23980015,127.0811988,학교,서농동,50.8017151591783,34,0.0033017553084926862,0.0025317967959794328,0.0015619036644625277,0.7588245151758195,0.760386418840282
233,르노삼성자동차중앙연구소,경기도 용인시 기흥구 탑실로 61,37.2417999,127.1143546,직장,기흥동,3933.189,0,0.2556297089451475,0.2526962532687278,0.15589213344576142,0.6023377196500173,0.7582298530957787
223,로크웰삼성오토메이션(주),경기도 용인시 기흥구 탑실로 61,37.2417999,127.1143546,직장,기흥동,3933.189,0,0.2556297089451475,0.2526962532687278,0.15589213344576142,0.6023377196500173,0.7582298530957787
235,(주)티앤스페이스,경기도 용인시 기흥구 구성로 88,37.29410022,127.1189091,직장,구성동,6129.852,0,0.39839740288016434,0.39382562940449034,0.24295697612974299,0.5146254709459965,0.7575824470757395
271,수지문화복지타운 수지구청,경기도 용인시 수지구 포은대로 435 (풍덕천동),37.32209608,127.0974146,직장,풍덕천1동,6426.614595459754,2,0.4176848909472731,0.41289178564132084,0.2547191757426074,0.5022178073125627,0.7569369830551701
231,수지문화복지타운 수지구보건소,경기도 용인시 수지구 포은대로 435,37.32209608,127.0974146,직장,풍덕천1동,6426.614595459754,2,0.4176848909472731,0.41289178564132084,0.2547191757426074,0.5022178073125627,0.7569369830551701
272,용인시립도서관수지분관,경기도 용인시 수지구 문정로7번길 23 (풍덕천동),37.31979205,127.0941287,직장,풍덕천2동,7379.447,0,0.47961231682132294,0.47410856892337333,0.29248473350248966,0.46290549620522065,0.7553902297077103
409,고림중학교,경기도 용인시 처인구 고림로74번길 30,37.24047025,127.2184893,학교,유림동,2417.85,0,0.15714329816671027,0.12049799625816185,0.07433703297788036,0.6793057053182712,0.7536427382961515
419,정평중학교,경기도 용인시 수지구 정평로 21,37.31807594,127.0878026,학교,풍덕천2동,9432.082505004952,1,0.6130192333755216,0.47006515805147575,0.2899902922946591,0.46290549620522065,0.7528957884998797
227,(주)세미냉장,경기도 용인시 기흥구 동탄기흥로681번길 1,37.22019154,127.0952254,직장,기흥동,3759.817,0,0.24436174447681458,0.2415575933106872,0.14902052596395507,0.6023377196500173,0.7513582456139724
472,정평초등학교,경기도 용인시 수지구 정평로 64,37.32083142,127.0885087,학교,풍덕천2동,9322.41660720395,1,0.6058917188990806,0.4645997565820409,0.2866186036202658,0.46290549620522065,0.7495240998254864
386,풍덕고등학교,경기도 용인시 수지구 정평로13번길 5,37.31702384,127.0892193,학교,풍덕천2동,9303.534,0,0.6046644818190238,0.4636587071653252,0.28603805602863336,0.46290549620522065,0.748943552233854
384,구성중학교,경기도 용인시 기흥구 연원로42번길 48,37.29999927,127.114422,학교,마북동,5910.845,0,0.3841634833642321,0.29457781859609766,0.1817295033571724,0.5656973928864053,0.7474268962435777
80,금학천노상주차장,,37.23662651,127.2034895,주차장,중앙동,2089.366,0,0.1357941412070173,0.14686915518250765,0.09060579902793187,0.6566810534337386,0.7472868524616705
448,용신중학교,경기도 용인시 처인구 명지로 15-26,37.23396718,127.1924301,학교,중앙동,2816.175,0,0.18303163046286383,0.14034925434263043,0.08658357377276599,0.6566810534337386,0.7432646272065047
507,강남대학교,경기도 용인시 기흥구 강남로 40,37.27748842,127.1332372,학교,구갈동,2493.805,0,0.16207984063719127,0.12428335320991184,0.07667227682668608,0.6659122903867136,0.7425845672133997
185,중앙공영,처인구 백옥대로 1103,37.23409332,127.208483,주차장,중앙동,1948.8661920163988,1,0.1266626387489109,0.13699291133539995,0.08451299510290142,0.6566810534337386,0.7411940485366401
156,중앙공영,경기도 용인시 처인구 백옥대로 1103,37.23409332,127.208483,주차장,중앙동,1948.8661920163988,1,0.1266626387489109,0.13699291133539995,0.08451299510290142,0.6566810534337386,0.7411940485366401
405,한터초등학교,경기도 용인시 처인구 양지면 한터로571번길 4,37.26199118,127.2682539,학교,양지면,902.874,0,0.05868047984323692,0.04499638433880995,0.02775894878212907,0.7112549953634724,0.7390139441456014
163,전통시장 제2공영,경기도 용인시 처인구 금령로107번길 13,37.23671447,127.2078585,주차장,중앙동,1887.410573743864,6,0.12266845443382912,0.13267297182412913,0.08184795920285395,0.6566810534337386,0.7385290126365925
243,삼양농수산(주),경기도 용인시 기흥구 갈천로 106 (구갈동),37.27196001,127.1115241,직장,구갈동,1742.4369738507041,1,0.1132461868678874,0.11194664046120673,0.06906157249203196,0.6659122903867136,0.7349738628787456
74,코스트코 공세점,경기도 용인시 기흥구 탑실로 38,37.23827198,127.1090244,대규모점포,기흥동,2713.39675,15,0.17635176480337184,0.2147299562421384,0.13247015165556703,0.6023377196500173,0.7348078713055843
216,한국전자파연구원,경기도 용인시 처인구 양지면 중부대로2517번길 42-27,37.24413096,127.3131686,직장,양지면,591.06,0,0.03841475600819561,0.037973930939249105,0.023426691266158768,0.7112549953634724,0.7346816866296312
282,고기리유원지,,37.35928462,127.0441045,관광지,동천동,1144.092,0,0.07435795863521223,0.05857212971183521,0.03613403104766117,0.6959891915655239,0.7321232226131851
338,덕영고등학교,경기도 용인시 처인구 고림로74번길 15,37.24160007,127.2161944,학교,유림동,1711.6478264059851,2,0.11124510815034733,0.08530311366774584,0.052624778591748446,0.6793057053182712,0.7319304839100196
151,수지 노상,,37.32517597,127.0992336,주차장,풍덕천1동,5254.45027531642,4,0.34150242832111216,0.3693544706309078,0.22786034885586387,0.5022178073125627,0.7300781561684266
416,제일초등학교,경기도 용인시 처인구 양지면 중부대로2517번길 42-7,37.24280483,127.3135289,학교,양지면,591.06,0,0.03841475600819561,0.029456560857104096,0.018172197080838746,0.7112549953634724,0.7294271924443111
44,구성동,경기도 용인시 기흥구 구성로77번길 17 (언남동),37.2967623,127.1189832,공공기관,구성동,3163.326331344981,1,0.20559403308110516,0.34647650165143623,0.21374658441740574,0.5146254709459965,0.7283720553634023
11,구성도서관,경기도 용인시 기흥구 구성로77번길 17,37.29676402,127.1189815,공공기관,구성동,3163.326331344981,1,0.20559403308110516,0.34647650165143623,0.21374658441740574,0.5146254709459965,0.7283720553634023
425,수지고등학교,경기도 용인시 수지구 수풍로 73,37.33131984,127.0922274,학교,풍덕천1동,7332.45,0,0.4765578413228673,0.3654261152111003,0.22543688709335105,0.5022178073125627,0.7276546944059138
491,상현중학교,경기도 용인시 수지구 광교마을로 61,37.29949159,127.0709899,학교,상현1동,5519.46128058749,1,0.3587262856401235,0.2750724919806029,0.1696963729078173,0.554183572630524,0.7238799455383413
182,조정경기장,기흥구 공세동 377-21번지 일원,37.24055868,127.100224,주차장,기흥동,2793.6,0,0.18156441373886792,0.19637233108888216,0.12114505556442982,0.6023377196500173,0.723482775214447
388,기흥초등학교,경기도 용인시 기흥구 공세로82번길 5,37.23191888,127.1098018,학교,기흥동,3809.107,0,0.24756524889877507,0.1898338445449214,0.11711136450783753,0.6023377196500173,0.7194490841578548
53,용인시 여성회관 YMCA스포츠센타,경기도 용인시 수지구 문정로7번길 15 여성회관,37.32052477,127.095499,공공기관,풍덕천2동,3793.2709429129895,2,0.24653601621659496,0.41547381093550756,0.2563120661258836,0.46290549620522065,0.7192175623311042
511,명지대학교(자연캠퍼스),경기도 용인시 처인구 명지로 116,37.22180726,127.1901837,학교,중앙동,1993.868,0,0.1295874407548286,0.0993680744476575,0.06130166522718133,0.6566810534337386,0.7179827186609199
328,동백고등학교,경기도 용인시 기흥구 동백7로 61,37.28335075,127.1584727,학교,동백1동,15202.97,0,0.9880864601731089,0.7576679372884781,0.46741678857320584,0.2494509838235499,0.7168677723967558
51,중앙동,경기도 용인시 처인구 금령로78번길 7 (김량장동),37.2342373,127.2056662,공공기관,중앙동,884.2863333333333,8,0.05747241183024048,0.09685514649424133,0.05975140203654772,0.6566810534337386,0.7164324554702863
296,술샘,경기도 용인시 처인구 양지면 죽양대로 2298-1,37.23350202,127.2986095,관광지,양지면,135.165,0,0.008784777342144216,0.006919812316229993,0.004268936682152415,0.7112549953634724,0.7155239320456248
60,에프앤에프(콜렉티드),경기도 용인시 수지구 용구대로 2725,37.32879196,127.108625,대규모점포,죽전2동,8251.927,0,0.5363173997605009,0.6530323748723148,0.4028655304981361,0.3107770339797813,0.7136425644779174
239,금호건설,경기도 용인시 처인구 양지면 양대로 387,37.25669265,127.2799217,직장,양지면,21.516,0,0.0013983891487705765,0.0013823420601781272,0.0008527876853156568,0.7112549953634724,0.712107783048788
353,구성초등학교,경기도 용인시 기흥구 구성로 51,37.2956668,127.1153666,학교,마북동,4761.521,0,0.3094654814111928,0.2372991457870253,0.1463934253993713,0.5656973928864053,0.7120908182857766
136,기흥동,경기도 용인시 기흥구 고매로43번길 12-14,37.23152688,127.1155323,주차장,기흥동,2525.359744116073,1,0.16413067777068027,0.1775167453429612,0.10951276006626433,0.6023377196500173,0.7118504797162816
309,은이성지,경기도 용인시 처인구 양지면 은이로 182,37.21590534,127.2777713,관광지,양지면,0.0,0,0.0,0.0,0.0,0.7112549953634724,0.7112549953634724
513,총신대학교(양지캠퍼스),경기도 용인시 처인구 양지면 학촌로 110,37.24860492,127.3001085,학교,양지면,0.0,2,0.0,0.0,0.0,0.7112549953634724,0.7112549953634724
298,한터조랑말농장,경기도 용인시 처인구 양지면 대대로 110,37.27120944,127.2652921,관광지,양지면,0.0,0,0.0,0.0,0.0,0.7112549953634724,0.7112549953634724
523,CGV 기흥,경기도 용인시 기흥구 기흥로 58 기흥ICT밸리 SK V1 B동,37.28056186,127.1179562,영화관,구갈동,2314.5466195364825,28,0.15042930270884167,0.07318015668663731,0.045145943417067694,0.6659122903867136,0.7110582338037813
470,고기초등학교,경기도 용인시 수지구 고기로 385,37.35884705,127.066072,학교,동천동,480.824,0,0.03125018888587394,0.023962747297323832,0.014782980558990985,0.6959891915655239,0.7107721721245148
466,용인한일초등학교,경기도 용인시 기흥구 한보라1로 145,37.24332154,127.1069279,학교,기흥동,3442.8,0,0.22375786212062376,0.1715782623064291,0.1058492202312991,0.6023377196500173,0.7081869398813163
311,공룡테마파크 다이노스타,경기도 용인시 수지구동천로593(고기동257-4),37.35618157,127.0520981,관광지,동천동,310.966,0,0.020210609780469933,0.01591999672051771,0.009821286311561487,0.6959891915655239,0.7058104778770854
485,새빛초등학교,경기도 용인시 수지구 광교마을로 63,37.29899353,127.072421,학교,상현1동,4904.981245095693,1,0.31878939152560926,0.24444875063295693,0.15080412456213713,0.554183572630524,0.7049876971926611
49,이동면,경기도 용인시 처인구 이동읍 경기동로 673 (송전리),37.1411206,127.196198,공공기관,이동읍,3660.528,0,0.23790865560377675,0.400934586820791,0.2473425992795395,0.45736949868470517,0.7047120979642447
265,(주)신한은행연수원,경기도 용인시 기흥구 기흥단지로158번길 11 (고매동),37.22540849,127.1160545,직장,기흥동,2548.115,0,0.165609609863336,0.1637091717173633,0.10099465945194762,0.6023377196500173,0.7033323791019649
310,코코몽 에코파크,경기도 용인시 수지구동천로 581 (고기동 272번지),37.35440551,127.052007,관광지,동천동,219.926,0,0.014293648072714157,0.011259176883506807,0.006945956192498445,0.6959891915655239,0.7029351477580223
14,흥덕도서관,경기도 용인시 기흥구 흥덕중앙로 153(영덕동),37.27498371,127.0839269,공공기관,영덕1동,3713.316,0,0.2413395055008441,0.40671641254896346,0.25090949485601594,0.44921551979837476,0.7001250146543907
463,나곡중학교,경기도 용인시 기흥구 사은로126번길 83,37.25143052,127.1245131,학교,보라동,8076.207,0,0.5248968317542746,0.40249261156239663,0.24830376826320422,0.4504807234832395,0.6987844917464436
467,마성초등학교,경기도 용인시 기흥구 용구대로2360번길 29,37.29743042,127.1131933,학교,마북동,4320.477,0,0.28080071362301795,0.21531890786420763,0.1328334848022721,0.5656973928864053,0.6985308776886774
138,마북동,경기도 용인시 기흥구 구교동로118번길 16,37.3015797,127.117447,주차장,마북동,3047.952,0,0.1980955104468106,0.21425166068407098,0.1321750839052531,0.5656973928864053,0.6978724767916584
33,영덕동,경기도 용인시 기흥구 흥덕2로 115 (영덕동),37.2778448,127.0738103,공공기관,영덕1동,3661.607155931002,7,0.23797879317320159,0.4010527858722151,0.24741551805874346,0.44921551979837476,0.6966310378571182
308,손골성지,경기도 용인시 수지구 동천로437번길 67,37.3444106,127.0523825,관광지,동천동,0.0,0,0.0,0.0,0.0,0.6959891915655239,0.6959891915655239
436,용인초등학교,경기도 용인시 처인구 금학로367번길 14,37.23856867,127.2052126,학교,중앙동,1260.4612482108625,6,0.08192114389030891,0.06281740172900327,0.03875300344338613,0.6566810534337386,0.6954340568771248
168,중앙동,경기도 용인시 처인구 금령로78번길 7,37.23423574,127.205666,주차장,중앙동,884.2863333333333,8,0.05747241183024048,0.06215971099180518,0.03834726409884471,0.6566810534337386,0.6950283175325833
27,유림동,경기도 용인시 처인구 백옥대로 1315 (유방동),37.252856,127.2120516,공공기관,유림동,201.39956763111482,1,0.013089559859752594,0.022059127107910928,0.01360860852632608,0.6793057053182712,0.6929143138445972
412,용인이동초등학교,경기도 용인시 처인구 이동읍 백옥대로587번길 22,37.19084078,127.203512,학교,이동읍,7613.15,0,0.4948013733018551,0.3794153153474471,0.23406703584405564,0.45736949868470517,0.6914365345287607
277,기흥호수공원 (용인8경 중 제3경),경기도 용인시 기흥구 동탄기흥로 923,37.24081425,127.1004054,관광지,기흥동,2799.95,0,0.18197711921826434,0.1433442717776656,0.08843124524242708,0.6023377196500173,0.6907689648924443
343,문정중학교,경기도 용인시 수지구 포은대로 455,37.32272577,127.0990637,학교,풍덕천1동,6123.297743080929,4,0.3979714221330978,0.30516579131599425,0.18826138356837166,0.5022178073125627,0.6904791908809343
198,중앙동임시,처인구 금령로 90번길,37.23452777,127.2061849,주차장,중앙동,771.4224562653073,9,0.0501370511228551,0.05422609750541583,0.03345289817007073,0.6566810534337386,0.6901339516038093
417,태성고등학교,경기도 용인시 처인구 백옥대로 1059-2,37.22892007,127.2088544,학교,중앙동,1051.6905222604698,1,0.068352510419869,0.052412929096547094,0.032334327206319985,0.6566810534337386,0.6890153806400586
456,태성중학교,경기도 용인시 처인구 백옥대로 1059-2,37.22892007,127.2088324,학교,중앙동,1051.6905222604698,1,0.068352510419869,0.052412929096547094,0.032334327206319985,0.6566810534337386,0.6890153806400586
132,유림동,경기도 용인시 처인구 백옥대로 1315,37.25285779,127.21205,주차장,유림동,201.39956763111482,1,0.013089559859752594,0.014157110028642254,0.008733734898096918,0.6793057053182712,0.6880394402163681
356,이현중학교,경기도 용인시 수지구 진산로34번길 39,37.31528324,127.0968022,학교,풍덕천2동,7315.306,0,0.4754436015214859,0.3645717124781558,0.22490979314899026,0.46290549620522065,0.6878152893542109
154,중앙노외,경기도 용인시 처인구 금령로90번길 3-18,37.23506858,127.2072649,주차장,중앙동,711.1548199345203,9,0.04622007730490456,0.049989665576902924,0.030839379358490675,0.6566810534337386,0.6875204327922293
56,골드타워모드빌,경기도 용인시 처인구 금령로 71번길 8,37.23584478,127.204495,대규모점포,중앙동,630.241,8,0.04096124630555479,0.049875353595821015,0.0307688585716616,0.6566810534337386,0.6874499120054002
24,기흥동,경기도 용인시 기흥구 한일로9번길 9 (공세동),37.2429817,127.1027323,공공기관,기흥동,1255.386383874038,2,0.08159131328889144,0.13750142632947607,0.08482670567949387,0.6023377196500173,0.6871644253295112
250,한국전력공사용인지점,경기도 용인시 처인구 금령로78번길 5 (김량장동),37.23457864,127.2056569,직장,중앙동,751.3873333333332,8,0.04883490860090134,0.048274508010399196,0.029781272763006003,0.6566810534337386,0.6864623261967446
490,청덕초등학교,경기도 용인시 기흥구 구성1로 61,37.29439648,127.1492572,학교,구성동,5489.897,0,0.35680481468061637,0.273599101748948,0.16878741623101784,0.5146254709459965,0.6834128871770144
236,우리은행,경기도 용인시 처인구 금령로 89,37.23555115,127.2060089,직장,중앙동,668.3870000000001,8,0.043440468859421794,0.04294197167578909,0.026491550596071573,0.6566810534337386,0.6831726040298102
474,매봉초등학교,경기도 용인시 수지구 수지로 75-1,37.31003125,127.0733254,학교,상현1동,4115.642,0,0.26748787474551183,0.20511057936428387,0.12653581284163595,0.554183572630524,0.6807193854721599
10,수지도서관,경기도 용인시 수지구 문정로7번길 23,37.32027656,127.0946856,공공기관,풍덕천2동,3125.113868684681,2,0.20311049092029626,0.3422911224033845,0.211164560775114,0.46290549620522065,0.6740700569803346
350,언남초등학교,경기도 용인시 기흥구 기흥로116번길 87,37.28975883,127.1195878,학교,구성동,5162.401,0,0.33551987079393814,0.2572777369899419,0.1587185199172995,0.5146254709459965,0.673343990863296
162,전통시장 제1공영,경기도 용인시 처인구 금령로71번길 12-29,37.23663279,127.2052506,주차장,중앙동,368.9266165521849,13,0.023977643487600796,0.02593319719826988,0.015998580849588898,0.6566810534337386,0.6726796342833276
75,롯데프리미엄아울렛 기흥점,경기도 용인시 기흥구 신고매로 124,37.22537006,127.1209127,대규모점포,기흥동,1427.256027627898,5,0.09276163513442325,0.11294869589523421,0.06967975561671541,0.6023377196500173,0.6720174752667327
253,현대정보기술연구소,,37.30859227,127.1327945,직장,마북동,2661.654746344086,5,0.1729888973350656,0.17100377884105664,0.10549481270887734,0.5656973928864053,0.6711922055952826
521,CGV 용인,경기도 용인시 처인구 금령로 86,37.23508598,127.2058152,영화관,중앙동,697.666,8,0.045343398580878096,0.022058448407992745,0.013608189826100625,0.6566810534337386,0.6702892432598393
476,동백중학교,경기도 용인시 기흥구 동백중앙로 385,37.28558222,127.1589105,학교,동백1동,13635.893,0,0.8862374421359297,0.6795697763263625,0.41923685407442485,0.2494509838235499,0.6686878378979748
529,CGV 광교상현,경기도 용인시 수지구 광교중앙로295번길 9,37.2968955,127.0681154,영화관,상현1동,5825.9905,3,0.37864853578920177,0.18420320163187806,0.11363773589233082,0.554183572630524,0.6678213085228548
301,용인시박물관,경기도 용인시 기흥구 동백 3로 79,37.27392025,127.1571468,관광지,동백2동,6066.506,0,0.394280357006488,0.31057657629773355,0.19159937850699313,0.47620104160716165,0.6678004201141547
341,초당중학교,경기도 용인시 기흥구 동백중앙로 119,37.26553571,127.1568124,학교,동백2동,6171.378,0,0.40109630173645017,0.30756195924135177,0.18973961573503953,0.47620104160716165,0.6659406573422012
514,칼빈대학교,경기도 용인시 기흥구 마북로 184,37.30514593,127.1286864,학교,마북동,3200.064162629274,4,0.20798173454128918,0.1594810759535869,0.09838628334623961,0.5656973928864053,0.664083676232645
201,동 백,기흥구 동백중앙로(중동 1058번지),37.26633766,127.1582881,주차장,동백2동,4322.965189034951,1,0.2809624284653012,0.3038769871802991,0.1874663008407557,0.47620104160716165,0.6636673424479174
323,상현고등학교,경기도 용인시 수지구 법조로 222,37.29911295,127.0743761,학교,상현1동,3477.863,0,0.22603671128976963,0.17332569132096678,0.10692723557025867,0.554183572630524,0.6611108082007826
17,동백동,경기도 용인시 기흥구 동백중앙로 213 (중동),37.2722139,127.1510056,공공기관,동백2동,2721.7890949844614,2,0.17689720838763517,0.2981152954467032,0.18391182622948438,0.47620104160716165,0.660112867836646
366,신리초등학교,경기도 용인시 수지구 신봉1로48번길 6,37.32235846,127.0808227,학교,신봉동,10033.732,0,0.6521222323141892,0.5000494658442,0.3084880644271619,0.3501824923489769,0.6586705567761388
418,구성고등학교,경기도 용인시 기흥구 연원로42번길 47,37.29914483,127.1156348,학교,마북동,2914.552,0,0.18942544573004189,0.1452520528528313,0.0896081841883273,0.5656973928864053,0.6553055770747326
263,아신물류(사옥),경기도 용인시 기흥구 하갈로15번길 34 (보라동),37.24957715,127.1027454,직장,보라동,5160.261,0,0.3353807857977321,0.3315321538295614,0.20452719064020528,0.4504807234832395,0.6550079141234447
210,한전기술정보센터,경기도 용인시 기흥구 용구대로 2354,37.29687484,127.1099132,직장,마북동,2214.547,0,0.14393002854817039,0.1422783724828635,0.08777367587621919,0.5656973928864053,0.6534710687626245
102,구성동 주민센터 앞,,37.29612697,127.1187374,주차장,구성동,3173.044099838828,1,0.20622561990077704,0.22304484054022566,0.137599729303895,0.5146254709459965,0.6522252002498915
169,구성동,경기도 용인시 기흥구 구성로77번길 17,37.29676402,127.1189815,주차장,구성동,3163.326331344981,1,0.20559403308110516,0.22236174315616253,0.13717831621535356,0.5146254709459965,0.6518037871613501
176,구 성 동,기흥구 구성로 77번길 17,37.29676402,127.1189815,주차장,구성동,3163.326331344981,1,0.20559403308110516,0.22236174315616253,0.13717831621535356,0.5146254709459965,0.6518037871613501
525,메가박스 용인테크노밸리,경기도 용인시 기흥구 구성로 357 용인테크노밸리 A동,37.29127905,127.1481243,영화관,구성동,6862.446,0,0.4460108765766893,0.2169733239739878,0.13385411907612657,0.5146254709459965,0.6484795900221231
211,청룡빌딩,경기도 용인시 기흥구 동탄기흥로 697,37.22224398,127.0976617,직장,기흥동,974.724,0,0.06335022609436008,0.06262325628671989,0.038633232189143815,0.6023377196500173,0.6409709518391611
504,샘말초등학교,경기도 용인시 기흥구 흥덕중앙로105번길 9,37.27733692,127.0781839,학교,영덕1동,6036.72,0,0.39234447583966886,0.3008510304491887,0.18559954245227372,0.44921551979837476,0.6348150622506485
375,나산초등학교,경기도 용인시 기흥구 한보라1로43번길 8,37.25030665,127.1093855,학교,보라동,5974.009,0,0.3882687005139321,0.29772571256621594,0.18367148666921193,0.4504807234832395,0.6341522101524514
35,신봉동,경기도 용인시 수지구 수지로 215 (신봉동),37.3206663,127.0836404,공공기관,신봉동,4159.533,3,0.2703404820205021,0.455590189372256,0.2810604655964989,0.3501824923489769,0.6312429579454758
5,이동꿈틀도서관,경기도 용인시 처인구 이동읍 경기동로705번길 16,37.13912274,127.1997556,공공기관,이동읍,2532.021,0,0.16456361270027997,0.27733015386211113,0.1710891586050916,0.45736949868470517,0.6284586572897968
527,메가박스 용인기흥,경기도 용인시 기흥구 신고매로 59 리빙파워센터,37.22341519,127.1142482,영화관,기흥동,1301.0307277897014,12,0.08455787562549749,0.041135327199780955,0.025377004344990448,0.6023377196500173,0.6277147239950077
171,여성회관,경기도 용인시 수지구 문정로7번길 15,37.32052477,127.095499,주차장,풍덕천2동,3793.2709429129895,2,0.24653601621659496,0.2666428470473747,0.1644959976911982,0.46290549620522065,0.6274014938964189
180,평생학습관,수지구 문정로 7번길 15,37.32052477,127.095499,주차장,풍덕천2동,3793.2709429129895,2,0.24653601621659496,0.2666428470473747,0.1644959976911982,0.46290549620522065,0.6274014938964189
500,한숲중학교,경기도 용인시 처인구 남사면 한숲로 109,37.15776721,127.1729779,학교,남사읍,3151.56,0,0.20482930403882682,0.15706378190846107,0.09689501815735825,0.528070613067289,0.6249656312246472
68,신세계백화점경기점,경기도 용인시 수지구 포은대로 536,37.32500933,127.1081372,대규모점포,죽전2동,6361.833377766428,6,0.4134745659860121,0.5034561211247713,0.3105896814979848,0.3107770339797813,0.6213667154777661
254,현대자동차중앙연구소,,37.30995953,127.1427122,직장,마북동,1361.532,0,0.08849003413756741,0.08747457472943139,0.05396438570195189,0.5656973928864053,0.6196617785883571
486,흥덕초등학교,경기도 용인시 기흥구 흥덕1로62번길 26,37.27236487,127.0716736,학교,영덕1동,5535.743500191003,2,0.3597845157577778,0.2758839463044272,0.1701969713302254,0.44921551979837476,0.6194124911286002
342,석성초등학교,경기도 용인시 기흥구 동백2로 53,37.2703565,127.1580707,학교,동백2동,4624.831,0,0.3005815897610046,0.23048694854214735,0.14219087807933636,0.47620104160716165,0.618391919686498
372,공세초등학교,경기도 용인시 기흥구 탑실로 86-10,37.23901832,127.1164888,학교,기흥동,505.923,0,0.0328814479138063,0.02521360206833262,0.01555465175063307,0.6023377196500173,0.6178923714006503
127,이동읍,경기도 용인시 처인구 이동읍 경기동로 673,37.14112038,127.1961973,주차장,이동읍,3660.528,0,0.23790865560377675,0.2573118615321176,0.1587395718625255,0.45736949868470517,0.6161090705472306
471,보라중학교,경기도 용인시 기흥구 한보라1로 63,37.24950722,127.1082152,학교,보라동,5248.153,0,0.34109314957648945,0.26155134543344744,0.16135497348221012,0.4504807234832395,0.6118356969654496
63,(주)이마트 죽전점,경기도 용인시 수지구 포은대로 552,37.32537764,127.1099311,대규모점포,죽전2동,6091.977705007557,6,0.3959358392468325,0.48210056491899156,0.2974151164825728,0.3107770339797813,0.6081921504623541
246,케이씨씨중앙연구소,경기도 용인시 기흥구 마북로240번길 17-3 (마북동),37.31245268,127.1372457,직장,마북동,1030.8177907400147,7,0.0669959292122372,0.06622712346717874,0.040856512258197454,0.5656973928864053,0.6065539051446027
28,남사면,경기도 용인시 처인구 남사면 내기로 22 (봉무리),37.1156802,127.1505051,공공기관,남사읍,1157.762,0,0.07524641279321993,0.1268087087728362,0.0782302067972375,0.528070613067289,0.6063008198645264
385,송전초등학교,경기도 용인시 처인구 이동읍 경기동로687번길 14,37.1408151,127.1986336,학교,이동읍,4814.602,0,0.31291537425400234,0.23994453493001575,0.14802540589754068,0.45736949868470517,0.6053949045822459
248,와이에스 인베스트먼트(주),경기도 용인시 기흥구 기흥단지로 406 (고매동),37.22007818,127.1381859,직장,기흥동,61.13,0,0.003973021410315363,0.00392742936134453,0.002422890463066839,0.6023377196500173,0.6047606101130841
505,동백초등학교,경기도 용인시 기흥구 동백평촌로 69,37.28055206,127.1563675,학교,동백1동,11516.111,0,0.7484664741790981,0.5739265463889723,0.35406395069335606,0.2494509838235499,0.603514934516906
340,지곡초등학교,경기도 용인시 기흥구 사은로 274-45,37.2521849,127.1382088,학교,보라동,4799.968,0,0.31196426685471307,0.2392152226578558,0.1475754821468538,0.4504807234832395,0.5980562056300933
139,동백동,경기도 용인시 기흥구 동백중앙로 214,37.27253257,127.1516873,주차장,동백2동,2800.8583690505193,2,0.1820361568378649,0.19688254831767438,0.12145981627531625,0.47620104160716165,0.5976608578824779
495,청덕중학교,경기도 용인시 기흥구 구성1로 23,37.29318256,127.1451614,학교,구성동,2615.493,0,0.16998870746818187,0.13034789822662635,0.08041358620030822,0.5146254709459965,0.5950390571463048
483,청덕고등학교,경기도 용인시 기흥구 구성1로 21,37.29233368,127.143917,학교,구성동,2564.239,0,0.16665755681605848,0.1277935609847727,0.07883777699450627,0.5146254709459965,0.5934632479405028
496,남곡초등학교,경기도 용인시 처인구 남사면 한숲로 110,37.15783665,127.1748328,학교,남사읍,2020.71,0,0.1313319825623811,0.10070579482549796,0.06212692512303602,0.528070613067289,0.5901975381903249
84,송전학교 주변,,37.13821385,127.1975319,주차장,이동읍,2946.55,0,0.19150509138826652,0.20712374433345712,0.12777776470266708,0.45736949868470517,0.5851472633873722
91,처인성로 주변,,37.11373368,127.1512434,주차장,남사읍,1221.945,0,0.07941785779858998,0.08589496997150778,0.05298990368044001,0.528070613067289,0.581060516747729
126,남사면,경기도 용인시 처인구 남사면 내기로 22,37.11568157,127.1505036,주차장,남사읍,1157.762,0,0.07524641279321993,0.08138331285299484,0.05020659429423876,0.528070613067289,0.5782772073615278
391,용인홍천고등학교,경기도 용인시 수지구 수지로227번길 22,37.32221072,127.0823971,학교,신봉동,7227.804393876503,1,0.46975661060760343,0.36021090919951887,0.22221954777395878,0.3501824923489769,0.5724020401229357
381,대현초등학교,경기도 용인시 수지구 용구대로2771번길 16,37.33359249,127.106521,학교,죽전2동,8430.596,0,0.5479296320909383,0.4201542383779285,0.2591994924727284,0.3107770339797813,0.5699765264525096
255,삼성에버랜드(주)유통사업부(시설),,37.31834371,127.138689,직장,마북동,0.0,0,0.0,0.0,0.0,0.5656973928864053,0.5656973928864053
67,쥬네브문월드,경기도 용인시 기흥구 동백5로 22,37.27591129,127.1514763,대규모점포,동백2동,1809.816519159194,5,0.11762538490695079,0.14322336826170115,0.08835665803822051,0.47620104160716165,0.5645576996453822
66,(주)이마트동백점,경기도 용인시 기흥구 동백죽전대로 444,37.27805584,127.1517027,대규모점포,동백2동,1794.5668125172067,5,0.11663426089272465,0.14201655291487086,0.087612155432191,0.47620104160716165,0.5638131970393526
69,쥬네브썬월드,경기도 용인시  기흥구 동백죽전대로 444,37.27805584,127.1517027,대규모점포,동백2동,1794.5668125172067,5,0.11663426089272465,0.14201655291487086,0.087612155432191,0.47620104160716165,0.5638131970393526
251,경기도소방학교,,37.12386875,127.1173547,직장,남사읍,838.04,0,0.05446672440210513,0.05384169641716294,0.033215755335654074,0.528070613067289,0.561286368402943
170,수지아르피아(죽전2동),,37.32613651,127.1059081,주차장,죽전2동,5694.902226248782,2,0.37012871707081685,0.4003154444056909,0.2469606409768413,0.3107770339797813,0.5577376749566226
376,석현초등학교,경기도 용인시 기흥구 흥덕3로 42,37.27278759,127.0830481,학교,영덕1동,3353.832,0,0.21797556588583009,0.16714437859524103,0.10311389043417518,0.44921551979837476,0.55232941023255
414,흥덕중학교,경기도 용인시 기흥구 흥덕중앙로105번길 10,37.27678653,127.0797285,학교,영덕1동,3328.5920155501185,5,0.21633514385711414,0.16588649760518875,0.10233788466193454,0.44921551979837476,0.5515534044603093
7,남사도서관,경기도 용인시 처인구 남사면 한숲로 61,37.15380506,127.1706227,공공기관,남사읍,338.6489938594237,1,0.02200981029257723,0.03709194259142523,0.02288257933953535,0.528070613067289,0.5509531924068243
369,남사초등학교,경기도 용인시 처인구 남사면 처인성로185번길 9-10,37.11363859,127.1482825,학교,남사읍,709.511,0,0.046113240534177376,0.035359784032559786,0.021813984575208917,0.528070613067289,0.5498845976424979
383,흥덕고등학교,경기도 용인시 기흥구 흥덕2로 36,37.27075758,127.0744587,학교,영덕1동,3265.275,0,0.21221998176946663,0.16273097782404594,0.10039119687195167,0.44921551979837476,0.5496067166703265
232,기아자동차(주)인재개발원,경기도 용인시 처인구 남사면 처인성로 57,37.11025911,127.1380466,직장,남사읍,510.3995741553866,1,0.03317239384811376,0.032791727033463273,0.02022971144404485,0.528070613067289,0.5483003245113338
224,STX엔진(주)용인사업장,경기도 용인시 기흥구 구성로 288,37.28951772,127.1406558,직장,구성동,671.67,0,0.04365384084191918,0.04315289512733978,0.026621672457518463,0.5146254709459965,0.541247143403515
275,(주)대우일렉트로닉스,경기도 용인시 처인구 남사면 경기동로 8,37.14772411,127.1304928,직장,남사읍,319.636,0,0.020774098994071018,0.020535707694139056,0.012668788091817963,0.528070613067289,0.5407394011591069
497,남곡초등학교남곡분교장,경기도 용인시 처인구 남사면 남산로 7,37.14041486,127.1667573,학교,남사읍,374.288,0,0.02432609582241316,0.018653330034317635,0.011507520896343814,0.528070613067289,0.5395781339636327
382,초당고등학교,경기도 용인시 기흥구 동백중앙로 21,37.25869538,127.1632171,학교,동백2동,2036.0998342910398,1,0.13233221389134406,0.10147277548799374,0.06260008707237825,0.47620104160716165,0.5388011286795399
367,보라고등학교,경기도 용인시 기흥구 한보라1로43번길 7,37.25145551,127.1105881,학교,보라동,2784.408,0,0.18096699818507078,0.13876608754273256,0.08560689427378618,0.4504807234832395,0.5360876177570256
347,남사중학교,경기도 용인시 처인구 남사면 내기로 27,37.1165576,127.1487791,학교,남사읍,210.257,0,0.01366523086322063,0.010478543829953196,0.006464371877010646,0.528070613067289,0.5345349849442996
237,(주)태준제약,경기도 용인시 처인구 남사면 경기동로 109-30,37.14795089,127.1372694,직장,남사읍,132.684,0,0.00862352973672965,0.00852457119876718,0.005258936662875191,0.528070613067289,0.5333295497301642
484,처인고등학교,경기도 용인시 처인구 남사읍 한숲로 32,37.15094825,127.1705633,학교,남사읍,105.20900375918403,1,0.006837847611535868,0.005243283967698201,0.0032346610343968415,0.528070613067289,0.5313052741016858
143,신봉동,경기도 용인시 수지구 수지로 215,37.32066575,127.0836395,주차장,신봉동,4159.533,3,0.2703404820205021,0.29238874264430537,0.18037902935534064,0.3501824923489769,0.5305615217043176
423,남촌초등학교,경기도 용인시 처인구 남사면 천덕산로 330,37.10172978,127.1377285,학교,남사읍,41.98,0,0.0027284056732379994,0.0020921504158312692,0.0012906791754705286,0.528070613067289,0.5293612922427595
398,언동중학교,경기도 용인시 기흥구 언남로 41,37.29442085,127.1302984,학교,구성동,442.348,0,0.0287495186456761,0.022045225158221306,0.013600032203693126,0.5146254709459965,0.5282255031496896
517,온석대학원대학교,경기도 용인시 처인구 남사읍 아곡로 96번길 79,37.16179059,127.1636546,학교,남사읍,0.0,0,0.0,0.0,0.0,0.528070613067289,0.528070613067289
59,(주)이마트수지점,경기도 용인시 수지구 수지로 203,37.31973926,127.0833277,대규모점포,신봉동,3623.314,3,0.23549000651554713,0.2867380366220043,0.17689302350485206,0.3501824923489769,0.527075515853829
77,동백노상,,37.27382034,127.1508126,주차장,동백2동,1104.8539920505898,7,0.07180776322083089,0.07766421604089047,0.04791222732587013,0.47620104160716165,0.5241132689330318
58,영통프리미엄아울렛,경기도 용인시 기흥구 중부대로 64,37.26666684,127.0763187,대규모점포,영덕1동,1528.406,0,0.09933567416414954,0.12095339669741323,0.07461797638376275,0.44921551979837476,0.5238334961821375
457,언동초등학교,경기도 용인시 기흥구 언남로 55,37.29536064,127.131593,학교,구성동,215.546,0,0.014008978781413956,0.010742130860666194,0.006626982695473334,0.5146254709459965,0.5212524536414699
121,영덕동 공영,,37.2677109,127.0754749,주차장,영덕1동,1578.409413818861,1,0.10258554548250705,0.11095215349521972,0.06844805846953932,0.44921551979837476,0.5176635782679141
297,바운스트램폴린파크,경기도 용인시 기흥구 동백죽전대로175번길 6,37.25764149,127.1604459,관광지,동백2동,1137.7489530647786,1,0.07394570505627766,0.05824739554023183,0.03593369763488138,0.47620104160716165,0.512134739242043
526,CGV 동백,경기도 용인시 기흥구 동백죽전대로 444 쥬네브 썬월드빌딩,37.27799596,127.1515984,영화관,동백2동,1794.5668125172067,5,0.11663426089272465,0.05673969986871482,0.03500357741434222,0.47620104160716165,0.5112046190215038
21,상하동,경기도 용인시 기흥구 어정로 62-23 (상하동),37.2705137,127.1383973,공공기관,상하동,6124.8436802325405,1,0.3980718972092037,0.6708490333296089,0.41385689606788345,0.09335048242926725,0.5072073784971507
488,어정중학교,경기도 용인시 기흥구 동백죽전대로527번길 83,37.28072654,127.1451478,학교,동백3동,13515.523,0,0.8784142360642846,0.673570916260769,0.4155360667387557,0.0895138891852528,0.5050499559240085
317,보구정사,경기도 용인시 기흥구 동백중앙로54번길 50,37.26378052,127.1669708,관광지,동백2동,875.7093220926679,1,0.05691496623404092,0.044832198812224035,0.027657660252167465,0.47620104160716165,0.5038587018593291
181,상현2동,수지구 만현로 48 상현1근린공원,37.31036044,127.0865294,주차장,상현2동,10839.56441082115,1,0.7044956892308991,0.7619525097870258,0.47006000602918974,0.033661668769741596,0.5037216747989314
452,신일초등학교,경기도 용인시 수지구 신봉2로48번길 28,37.32928881,127.0776935,학교,신봉동,4952.346,0,0.3218677685144715,0.24680926020105584,0.15226035854989925,0.3501824923489769,0.5024428508988762
460,신봉중학교,경기도 용인시 수지구 신봉3로 43,37.32765873,127.0643074,학교,신봉동,4841.693,0,0.31467609931578633,0.24129466468026076,0.14885832132256863,0.3501824923489769,0.4990408136715455
528,한국민속촌 자동차극장,경기도 용인시 기흥구 민속촌로 93-1,37.25740885,127.1143218,영화관,보라동,2472.3998203474293,5,0.160688654034029,0.07817107882721,0.048224918630555155,0.4504807234832395,0.49870564211379464
114,수원교회 인근,,37.27004898,127.0815121,주차장,영덕1동,1110.312,0,0.07216249547080109,0.07804787932272299,0.04814891499636784,0.44921551979837476,0.4973644347947426
333,용인바이오고등학교,경기도 용인시 처인구 이동읍 경기동로687번길 28-14,37.14044111,127.2007625,학교,이동읍,1268.572,0,0.08244828589115949,0.06322161594358992,0.03900236929454501,0.45736949868470517,0.49637186797925015
363,송전중학교,경기도 용인시 처인구 이동읍 경기동로687번길 28-14,37.1404346,127.2007625,학교,이동읍,1268.572,0,0.08244828589115949,0.06322161594358992,0.03900236929454501,0.45736949868470517,0.49637186797925015
489,용천초등학교,경기도 용인시 처인구 이동읍 백옥대로 612,37.19185075,127.2084179,학교,이동읍,1134.128970937756,2,0.0737104315981455,0.05652140062300419,0.03486890531413011,0.45736949868470517,0.4922384039988353
432,초당초등학교,경기도 용인시 기흥구 동백중앙로 78,37.26347282,127.1609334,학교,동백2동,469.42839303987563,1,0.030509554329418632,0.02339482629112388,0.014432621516702287,0.47620104160716165,0.4906336631238639
219,현대자동차서비스(주),경기도 용인시 기흥구 중부대로 30,37.26704281,127.0723854,직장,영덕1동,989.8497916050192,1,0.06433329649996632,0.06359504555652408,0.03923274366020773,0.44921551979837476,0.4884482634585825
32,동부동,경기도 용인시 처인구 중부대로 1574 (마평동),37.2327714,127.2191759,공공기관,동부동,6946.612,0,0.45148107647887487,0.7608566338037431,0.469383943591318,0.018188285617951216,0.48757222920926924
377,용천중학교,경기도 용인시 처인구 이동읍 백옥대로587번길 54,37.19144213,127.2008278,학교,이동읍,827.73,0,0.053796646686738676,0.04125144506183937,0.025448639207056235,0.45736949868470517,0.4828181378917614
518,웨스트민스터신학대학원대학교,경기도 용인시 기흥구 동백죽전대로 201-11,37.25900356,127.1580714,학교,동백2동,194.858,0,0.012664403827437117,0.00971110637751428,0.005990928127056605,0.47620104160716165,0.48219196973421824
464,신봉고등학교,경기도 용인시 수지구 신봉3로 45,37.32774897,127.0629561,학교,신봉동,4257.716,0,0.27672168864783714,0.2121910981393866,0.1309038917643563,0.3501824923489769,0.4810863841133332
273,기아자동차주식회사,경기도 용인시 기흥구 중부대로 27 (영덕동),37.26840323,127.0726121,직장,영덕1동,732.2529125391034,1,0.04759130540297138,0.04704517566883892,0.029022879083001957,0.44921551979837476,0.4782383988813767
446,용인신봉초등학교,경기도 용인시 수지구 신봉2로 115,37.32983426,127.068107,학교,신봉동,4151.033,0,0.2697880416150108,0.2068743548613464,0.1276239125724382,0.3501824923489769,0.47780640492141513
415,어정초등학교,경기도 용인시 기흥구 어정로 155,37.27695642,127.1474013,학교,동백3동,12299.808,0,0.7994012845864253,0.6129835260086893,0.378158791040634,0.0895138891852528,0.4676726802258868
303,이영미술관,경기도 용인시 기흥구 흥덕4로 63,37.27731264,127.0900943,관광지,영덕1동,565.207,0,0.03673449226664674,0.028935940219875014,0.017851018350233575,0.44921551979837476,0.4670665381486083
331,죽전중학교,경기도 용인시 수지구 용구대로2771번길 15,37.33236479,127.1075402,학교,죽전2동,5037.681,0,0.3274139452206593,0.25106208668354657,0.15488399140932702,0.3107770339797813,0.4656610253891083
329,죽전초등학교,경기도 용인시 수지구 용구대로2772번길 15,37.33374032,127.1103872,학교,죽전2동,4796.764,0,0.3117560293183373,0.23905554543221683,0.1474769748558055,0.3107770339797813,0.45825400883558676
316,용덕사,경기도 용인시 처인구 이동읍 이원로 471-41,37.17011074,127.2450031,관광지,이동읍,3.479,0,0.0002261106083181277,0.00017810843819157437,0.00010987778431700704,0.45736949868470517,0.45747937646902215
318,동도사,경기도 용인시 처인구 이동읍 어진로 842,37.10778526,127.198347,관광지,이동읍,0.0,2,0.0,0.0,0.0,0.45736949868470517,0.45736949868470517
284,어비낙조 (용인8경 중 제8경),,37.10729102,127.193212,관광지,이동읍,0.0,0,0.0,0.0,0.0,0.45736949868470517,0.45736949868470517
276,이동저수지,,37.1286764,127.2073771,관광지,이동읍,0.0,0,0.0,0.0,0.0,0.45736949868470517,0.45736949868470517
241,화산개발,,37.14647551,127.2348783,직장,이동읍,0.0,0,0.0,0.0,0.0,0.45736949868470517,0.45736949868470517
112,신갈1리 소공원 주변,경기도 용인시 기흥구 상갈로23번길 17,37.26846568,127.1058339,주차장,상갈동,10509.756,0,0.6830604548534327,0.7387690739172987,0.455757794454682,0.0,0.455757794454682
70,(주)이마트보라점,경기도 용인시 기흥구 한보라1로 92,37.23219563,127.1494486,대규모점포,보라동,91.896,0,0.00597259570623819,0.007272369607882649,0.004486434597719626,0.4504807234832395,0.4549671580809591
40,상갈동,경기도 용인시 기흥구 상갈로 2 (상갈동),37.266581,127.1076933,공공기관,상갈동,6733.235508471788,2,0.4376131005374458,0.7374856841844168,0.45496605195389955,0.0,0.45496605195389955
289,한국민속촌,경기도 용인시 기흥구 민속촌로 90,37.26091947,127.120813,관광지,보라동,135.964,0,0.008836706740260394,0.006960717358516589,0.0042941716202579885,0.4504807234832395,0.45477489510349745
179,아르피아,수지구 포은대로 499,37.32561804,127.1047625,주차장,죽전2동,2962.49854656527,2,0.19254163509785638,0.20824482582919795,0.1284693768016868,0.3107770339797813,0.4392464107814681
531,CGV 죽전,경기도 용인시 수지구 포은대로 536 신세계백화점,37.32500296,127.1081057,영화관,죽전2동,6366.567004826395,6,0.41378221855688885,0.20129487435533897,0.1241818468182002,0.3107770339797813,0.4349588807979815
352,용인백현중학교,경기도 용인시 기흥구 동백7로 107번길 20,37.28099517,127.164679,학교,동백1동,5324.098283547365,1,0.3460290605456724,0.26533621814793157,0.1636899185977363,0.2494509838235499,0.4131409024212862
426,죽전고등학교,경기도 용인시 수지구 용구대로2771번길 23,37.33263026,127.1060548,학교,죽전2동,3127.383,0,0.20325796854664305,0.1558588767011349,0.09615169394522508,0.3107770339797813,0.40692872792500634
359,홍천중학교,경기도 용인시 수지구 신봉1로71번길 36,37.32110222,127.0764753,학교,신봉동,1584.271,0,0.10296650748800473,0.07895505553690854,0.04870856569799594,0.3501824923489769,0.39889105804697284
119,마평동 공영,,37.23436625,127.2113022,주차장,동부동,8707.242192853028,1,0.5659096950270958,0.6120638054002073,0.3775914015127892,0.018188285617951216,0.3957796871307404
468,상하초등학교,경기도 용인시 기흥구 중부대로788번길 27,37.25702806,127.1405398,학교,상하동,9335.96,0,0.6067719444764896,0.46527471644078366,0.2870349965465897,0.09335048242926725,0.38038547897585695
368,동막초등학교,경기도 용인시 기흥구 동백8로 39,37.28608046,127.1555391,학교,동백1동,4057.946,0,0.26373803925901496,0.20223519321869549,0.12476194372043664,0.2494509838235499,0.37421292754398655
140,상하동,경기도 용인시 기흥구 어정로 62-23,37.27051314,127.1383972,주차장,상하동,6124.8436802325405,1,0.3980718972092037,0.4305375970225773,0.2656051431719709,0.09335048242926725,0.35895562560123817
85,양지천 노상주차장,,37.23511874,127.2189632,주차장,동부동,7803.904,0,0.5071990459029233,0.5485648697286126,0.3384179494915079,0.018188285617951216,0.3566062351094591
506,청곡초등학교,경기도 용인시 기흥구 덕영대로2077번길 52,37.2674933,127.0933821,학교,영덕2동,6879.426317814734,1,0.44711447818362365,0.34284884782031144,0.21150863000446346,0.1292424742791398,0.3407511042836032
374,용인백현고등학교,경기도 용인시 기흥구 동백7로 112,37.2793322,127.1625331,학교,동백1동,2853.067,3,0.18542935180867365,0.14218783493197884,0.08771782189428715,0.2494509838235499,0.33716880571783703
445,용인백현초등학교,경기도 용인시 기흥구 동백8로 108,37.28315855,127.1623938,학교,동백1동,2643.8914549777132,5,0.1718344079367952,0.13176318739743598,0.08128669945555529,0.2494509838235499,0.3307376832791052
230,엑소후레쉬물류(주),경기도 용인시 기흥구 청명산로 2,37.25563064,127.0933299,직장,영덕2동,5078.331,0,0.3300559102186852,0.3262683833801101,0.20127989118594278,0.1292424742791398,0.33052236546508257
133,동부동,경기도 용인시 처인구 중부대로 1574,37.23277029,127.219174,주차장,동부동,6946.612,0,0.45148107647887487,0.4883026888638323,0.30124130037390284,0.018188285617951216,0.31942958599185406
206,마 평 동,처인구 마평동 885번지 일원,37.23462593,127.2103663,주차장,동부동,6731.429575619171,1,0.43749572756363525,0.4731767315739482,0.2919098689742379,0.018188285617951216,0.3100981545921891
459,상현초등학교,경기도 용인시 수지구 만현로67번길 23,37.30902368,127.0898887,학교,상현2동,8918.912,0,0.579666748449511,0.44449036325780134,0.27421281529905206,0.033661668769741596,0.30787448406879364
351,상갈초등학교,경기도 용인시 기흥구 금화로58번길 17,37.26425129,127.1109979,학교,상갈동,9500.966,0,0.6174961775998414,0.4734980935611899,0.29210812203557707,0.0,0.29210812203557707
135,상갈동,경기도 용인시 기흥구 상갈로 2,37.26657957,127.1076939,주차장,상갈동,6733.235508471788,2,0.4376131005374458,0.47330367717963917,0.29198818363481055,0.0,0.29198818363481055
113,이례장로교회 주변,,37.26704056,127.106382,주차장,상갈동,6618.020066102576,2,0.4301249045725867,0.46520476359305585,0.2869918415787901,0.0,0.2869918415787901
164,상현2동(상현공영),,37.31186204,127.0871219,주차장,상현2동,5256.123401565121,1,0.34161116979679107,0.36947208077611954,0.22793290432993504,0.033661668769741596,0.26159457309967665
61,(주)농협유통 하나로클럽 용인점,경기도 용인시 기흥구 중부대로 682,37.26604747,127.1358444,대규모점포,상하동,3177.443,0,0.20651151757004216,0.2514531634018833,0.15512525254072038,0.09335048242926725,0.24847573496998762
332,상갈중학교,경기도 용인시 기흥구 금화로82번길 7,37.2664741,127.1092177,학교,상갈동,7018.764537474668,1,0.45617048554472533,0.3497930239566316,0.2157925970950355,0.0,0.2157925970950355
441,용마초등학교,경기도 용인시 처인구 금학로 471-1,37.23706584,127.2148977,학교,동부동,6426.476,0,0.41767588321409826,0.32027523667769586,0.19758262851027014,0.018188285617951216,0.21577091412822136
187,상갈공영,기흥구 금화로 105번길 3,37.26584933,127.106739,주차장,상갈동,4781.416898286148,2,0.3107585753072884,0.33610322960489103,0.20734715629280467,0.0,0.20734715629280467
158,상갈공영,경기도 용인시 기흥구 금화로105번길 3,37.26584933,127.106739,주차장,상갈동,4781.416898286148,2,0.3107585753072884,0.33610322960489103,0.20734715629280467,0.0,0.20734715629280467
494,중일초등학교,경기도 용인시 기흥구 동백죽전대로527번길 36,37.28560757,127.1432335,학교,동백3동,3743.309,0,0.24328884021636168,0.1865546803462347,0.11508839861008596,0.0895138891852528,0.20460228779533876
29,원삼면,경기도 용인시 처인구 원삼면 원양로 64 (고당리),37.1665888,127.3132635,공공기관,원삼면,2863.293,0,0.18609397011297407,0.3136141004526842,0.19347327301386863,0.005981796411477516,0.19945506942534613
50,백암면,경기도 용인시 처인구 백암면 백암로 189 (백암리),37.163406,127.3753796,공공기관,백암면,1444.517,0,0.09388347731988413,0.15821674538498504,0.0976062987316263,0.07472403997030483,0.17233033870193112
270,일양유통(주),경기도 용인시 기흥구 하갈로 110 (하갈동),37.25687756,127.1002751,직장,영덕2동,1024.644,0,0.0665946760993158,0.0658304748981761,0.04061181376801338,0.1292424742791398,0.16985428804715316
93,(구)백암면사무소 주변,,37.16562501,127.3728689,주차장,백암면,2056.15,0,0.13363533408833525,0.1445342814176708,0.0891653801542105,0.07472403997030483,0.16388942012451532
473,상하중학교,경기도 용인시 기흥구 중부대로746번길 16-29,37.26159673,127.1356759,학교,상하동,1823.988,0,0.1185464318036692,0.09090179258387912,0.056078688135019976,0.09335048242926725,0.14942917056428723
260,동아제약상갈공장,경기도 용인시 기흥구 금화로105번길 21 (상갈동),37.26445903,127.1064064,직장,상갈동,3742.4554589702643,2,0.24323336603370632,0.2404421634726638,0.14833240045790091,0.0,0.14833240045790091
516,용인예술과학대학교,경기도 용인시 처인구 동부로 61,37.22921533,127.2181852,학교,동부동,4145.502,0,0.26942856539350823,0.20659870731608768,0.12745386144048185,0.018188285617951216,0.14564214705843306
269,씨제이푸드시스템(주),경기도 용인시 기흥구 기곡로 32 (하갈동),37.24974385,127.0972452,직장,영덕2동,378.652,0,0.02460972522589126,0.024327318542971196,0.015007890064145013,0.1292424742791398,0.1442503643432848
327,지석초등학교,경기도 용인시 기흥구 어정로 62-25,37.27004892,127.1390138,학교,상하동,1611.9750656150052,1,0.10476707751648826,0.080335738538258,0.04956032988487437,0.09335048242926725,0.1429108123141416
392,백암고등학교,경기도 용인시 처인구 백암면 백원로 519-9,37.164968,127.3685728,학교,백암면,2166.738,0,0.14082277874274313,0.1079833684539641,0.06661657015961558,0.07472403997030483,0.1413406101299204
370,백암중학교,경기도 용인시 처인구 백암면 백원로 519-9,37.164968,127.3685728,학교,백암면,2166.738,0,0.14082277874274313,0.1079833684539641,0.06661657015961558,0.07472403997030483,0.1413406101299204
362,신갈고등학교,경기도 용인시 기흥구 백남준로 13,37.26975906,127.1113065,학교,상갈동,4518.466,0,0.2936686104986425,0.22518605337826236,0.1389206758282901,0.0,0.1389206758282901
129,백암면,경기도 용인시 처인구 백암면 백암로 191-1,37.16384072,127.3751111,주차장,백암면,1444.517,0,0.09388347731988413,0.10154036747835009,0.06264178559162496,0.07472403997030483,0.13736582556192978
330,보라초등학교,경기 용인시 기흥구 금화로105번길 33,37.2639581,127.1072221,학교,상갈동,4441.05794494375,2,0.2886376296370467,0.22132828075857147,0.13654075766071558,0.0,0.13654075766071558
508,경희대학교(국제캠퍼스),경기도 용인시 기흥구 덕영대로 1732,37.23980015,127.0811988,학교,영덕2동,50.8017151591783,34,0.0033017553084926862,0.0025317967959794328,0.0015619036644625277,0.1292424742791398,0.1308043779436023
128,원삼면,경기도 용인시 처인구 원삼면 원양로 64,37.16658943,127.3132646,주차장,원삼면,2863.293,0,0.18609397011297407,0.20127130620005682,0.12416730726741229,0.005981796411477516,0.13014910367888982
262,한일사료(주),경기도 용인시 기흥구 하갈로 127 (하갈동),37.2591852,127.0990494,직장,영덕2동,10.658,0,0.0006926952754971558,0.0006847463133193196,0.00042243033789246467,0.1292424742791398,0.12966490461703226
106,기흥구 맛깔촌 주변,경기도 용인시 기흥구 갈천로 76,37.27004414,127.1076186,주차장,상갈동,2943.504510743613,1,0.19130715593888795,0.20690966578800218,0.12764569641616008,0.0,0.12764569641616008
234,고등기술원연구관,경기도 용인시 처인구 백암면 고안로51번길 175-28,37.14723122,127.4145266,직장,백암면,238.08435712218835,6,0.015473813975259662,0.01529624561816652,0.0094364848401235,0.07472403997030483,0.08416052481042832
407,백암초등학교,경기도 용인시 처인구 백암면 백원로 501,37.16414573,127.36749,학교,백암면,213.073,0,0.013848251119910442,0.010618884362849359,0.006550950070391423,0.07472403997030483,0.08127499004069626
95,백원리,,37.16672028,127.3747586,주차장,백암면,105.5,0,0.006856760326979728,0.0074159797143030755,0.004575029840366319,0.07472403997030483,0.07929906981067114
295,용인곤충테마파크,경기도 용인시 처인구 백암면 근삼리 274-7,37.14617833,127.3659655,관광지,백암면,89.465,0,0.00581459775026769,0.004580187244268238,0.002825586655338038,0.07472403997030483,0.07754962662564287
430,장평초등학교,경기도 용인시 처인구 백암면 한택로 446,37.11907332,127.3776064,학교,백암면,17.526,0,0.001139067123134092,0.0008734404046655272,0.0005388385714458429,0.07472403997030483,0.07526287854175068
305,청계목장,경기도 용인시 처인구 백암면 청계로 104번길 20,37.15364577,127.3966516,관광지,백암면,6.814,0,0.0004428622262373447,0.0003488447536181051,0.00021520759480772806,0.07472403997030483,0.07493924756511255
387,백봉초등학교,경기도 용인시 처인구 백암면 죽양대로748번길 12,37.13797647,127.399982,학교,백암면,3.831,0,0.0002489881404043539,0.00019092492241661727,0.00011778446691823714,0.07472403997030483,0.07484182443722306
288,한택식물원,경기도 용인시 처인구 백암면 한택로 2,37.09457472,127.4066007,관광지,백암면,0.0,0,0.0,0.0,0.0,0.07472403997030483,0.07472403997030483
281,한택식물원,,37.09457472,127.4066007,관광지,백암면,0.0,0,0.0,0.0,0.0,0.07472403997030483,0.07472403997030483
307,용인 대장금파크,경기도 용인시 처인구 백암면 용천로 330,37.11944206,127.3370944,관광지,백암면,0.0,0,0.0,0.0,0.0,0.07472403997030483,0.07472403997030483
290,용인 대장금파크,경기도 용인시 처인구 드라마길 25,37.11944404,127.3370887,관광지,백암면,0.0,0,0.0,0.0,0.0,0.07472403997030483,0.07472403997030483
442,백암초등학교수정분교장,경기도 용인시 처인구 백암면 청강가창로105번길 55-12,37.18619793,127.360458,학교,백암면,0.0,0,0.0,0.0,0.0,0.07472403997030483,0.07472403997030483
358,운학초등학교,경기도 용인시 처인구 동부로465번길 7,37.20278722,127.2466709,학교,동부동,1592.472,0,0.10349951498982048,0.07936376743686643,0.048960706239159206,0.018188285617951216,0.06714899185711043
510,루터대학교,경기도 용인시 기흥구 금화로82번길 20,37.26443438,127.1133734,학교,상갈동,2155.07,0,0.14006444054847586,0.10740187224024522,0.06625783636687167,0.0,0.06625783636687167
455,소현초등학교,경기도 용인시 수지구 만현로133번길 78,37.30192517,127.0924337,학교,상현2동,885.099,0,0.05752522946587137,0.04411053456173989,0.027212454681509988,0.033661668769741596,0.06087412345125158
122,용인종합운동장,경기도 용인시 처인구 경안천로 76,37.2385462,127.212483,주차장,동부동,667.573,0,0.04338756456647239,0.046926140529065845,0.028949444508273595,0.018188285617951216,0.04713773012622481
283,용인농촌테마파크와 연꽃단지  (용인8경 중 제4경),,37.17228834,127.2992678,관광지,원삼면,674.7106840064857,1,0.04385146398374433,0.03454201384293303,0.02130948979984045,0.005981796411477516,0.027291286211317968
315,와우정사,경기도 용인시 처인구 해곡로 25-15,37.1940384,127.2784439,관광지,동부동,7.218,0,0.0004691193937453998,0.0003695276535978108,0.000227967188042586,0.018188285617951216,0.018416252805993804
312,용인 와우정사,경기도 용인시 해곡동 224-4,37.19478132,127.2766431,관광지,동부동,0.0,0,0.0,0.0,0.0,0.018188285617951216,0.018188285617951216
225,케이티프리텔(용인국),경기도 용인시 기흥구 하갈로 200,37.26354391,127.1018056,직장,상갈동,300.4623992482254,7,0.019527949373595973,0.01930385815127602,0.011908841512329562,0.0,0.011908841512329562
229,KTF 용인교환국,경기도 용인시 기흥구 하갈로 200,37.26354391,127.1018056,직장,상갈동,300.4623992482254,7,0.019527949373595973,0.01930385815127602,0.011908841512329562,0.0,0.011908841512329562
379,원삼초등학교,경기도 용인시 처인구 원삼면 하사로 1,37.16355642,127.3161379,학교,원삼면,160.248,0,0.010414996482254477,0.007986253450122183,0.004926840317074827,0.005981796411477516,0.010908636728552343
439,좌항초등학교,경기도 용인시 처인구 원삼면 원양로 603,37.20182797,127.3203483,학교,원삼면,74.615,0,0.004849451865380022,0.0037185755902155826,0.002294045418716853,0.005981796411477516,0.008275841830194369
240,대상(주)영업본부,경기도 용인시 처인구 원삼면 미평로 26,37.18722904,127.3272496,직장,원삼면,29.844,0,0.0019396507601742465,0.001917392472762411,0.0011828683621751472,0.005981796411477516,0.007164664773652664
293,용인문수산법륜사,경기도 용인시 처인구 원삼면 농촌파크로 126,37.16980923,127.2991391,관광지,원삼면,32.501933404029984,2,0.002112397796349668,0.0016639461330262546,0.001026513489064022,0.005981796411477516,0.007008309900541538
314,용인농촌테마파크,경기도 용인시 처인구 원삼면 농촌파크로 80-1,37.17101369,127.2971197,관광지,원삼면,32.501933404029984,2,0.002112397796349668,0.0016639461330262546,0.001026513489064022,0.005981796411477516,0.007008309900541538
302,용인농촌테마파크,경기도 용인시 처인구 원삼면 농촌파크로 80-1 농촌테마파크,37.17101369,127.2971197,관광지,원삼면,32.501933404029984,2,0.002112397796349668,0.0016639461330262546,0.001026513489064022,0.005981796411477516,0.007008309900541538
92,고당로 주변,,37.16453038,127.3065958,주차장,원삼면,12.528,0,0.0008142321647052325,0.0008806388043676676,0.0005432793728920308,0.005981796411477516,0.006525075784369547
361,원삼중학교,경기도 용인시 처인구 원삼면 고당로16번길 29,37.16816305,127.3093127,학교,원삼면,15.129,0,0.0009832789287855573,0.0007539815064581056,0.00046514257374210644,0.005981796411477516,0.006446938985219623
458,두창초등학교,경기도 용인시 처인구 원삼면 복분로 29,37.15834601,127.342837,학교,원삼면,12.99,0,0.0008442589255684044,0.0006473805121879036,0.00039937881108533034,0.005981796411477516,0.006381175222562847
438,헌산중학교,경기도 용인시 처인구 원삼면 내동로 50-13,37.17384579,127.2958775,학교,원삼면,3.8,0,0.0002469733577490328,0.0001893799804706723,0.00011683136890871864,0.005981796411477516,0.006098627780386235
306,농도원목장,경기도 용인시 처인구 원삼면 원양로377번길 1-34,37.1932958,127.2966319,관광지,원삼면,0.0,0,0.0,0.0,0.0,0.005981796411477516,0.005981796411477516
299,용인 학일마을,경기도 용인시 처인구 원삼면 학일로 117,37.14737668,127.2858207,관광지,원삼면,0.0,0,0.0,0.0,0.0,0.005981796411477516,0.005981796411477516
280,용담저수지(사암지),,37.19178878,127.3064047,관광지,원삼면,0.0,0,0.0,0.0,0.0,0.005981796411477516,0.005981796411477516
